"Garden-Fresh Foods, Inc.",633
Newly Weds Foods Inc,381
"Good Herbs, Inc.",353
"Blue Bell Creameries, L.P.",292
"Reser's Fine Foods, Inc.",219
"Sunland, Incorporated",219
Whole Foods Market,214
Target Corporation,199
High Liner Foods Inc.,187
Sunset Natural Products Inc.,173
Health One Pharmaceuticals Inc,147
Spartan Central Kitchen,140
Jeni's Splendid Ice Creams LLC,134
"SunBurst Foods, Inc.",121
Snoqualmie Gourmet Ice Cream,117
Numbskull LLC,115
Rabbit Creek Products Inc.,114
Iowa Select Herbs LLC,104
Working Cow Homemade Inc.,102
Sysco Charlotte,100
Kerry Foods,92
River Ranch Fresh Foods  LLC,87
"Ashers Chocolates/Lewistown, Inc.",87
"Koogee-Queen Anne, LLC",87
"C. H. Guenther & Son, Inc.dba Morrison Milling",82
National Enzyme Co,81
"Lipari Foods, Inc.",80
Mira Health Products Ltd.,80
Bj Wholesale Club,71
Inventure Foods,71
McCain Foods USA,71
Elevated Ice Cream Company,69
CSM Bakery Products NA,68
Midwest Northern Inc,66
Chobani Idaho,64
"Publix Super Markets, Inc.",61
Correctional Industries Food Factory,60
Dole Fresh Vegetables Inc,59
"Creative Foodworks, Inc",58
Treehouse Foods,57
Channel Fish Processing Co. Inc,57
"Giant Eagle, Inc.",55
"Dakota Specialty Milling, Inc",55
"CRF Frozen Foods, LLC",54
HVF Inc. d.b.a Huson Valley Farms,53
"Helados La Tapatia, Inc",53
"Wegmans Food Markets, Inc.",51
"Meijer Distribution, Inc",48
"Let's Do Lunch, Inc.",48
Parkers Farm Inc,48
"Zingerman's Bakehouse, Inc.",47
Wienke LLC,47
"Mann Packing Company, Inc.",46
Adams Extract & Spice LLC,46
GM Manufacturing Inc.,46
"Husky Ice Cream,Inc",44
Griffith Labs U.S.A.,43
Albertsons Inc,43
Advanced Food Concepts,43
"JCB Flavors, LLC",42
Pharmatech LLC,40
"El Encanto, Incorporated",39
"Caito Foods Service, Inc.",38
"Nutrition Resource Services, Inc.",38
Dairy Farmers OF America Inc,38
Plum Inc,37
Whole Foods Market Group Inc.,37
Springside Cheese Corp,36
The Kroger Co,36
Kellogg Company,35
Kilby Cream,35
GH Foods CA LLC,34
"National Fish & Seafood, Inc.",34
"McClures, Inc.",33
SM Fish Corp.,33
"General Mills, Inc",33
Gourmet Foods International,33
YouBar,33
"Pinnacle Foods, LLC",32
ProSupps USA LLC,32
Jenis Splendid Ice Creams LLC,32
Garden Harvest,32
"Weis Markets, Inc., Ice Cream Division",31
Request Foods Incorporated,31
Ron Stockman Whole Foods,31
Houdini Inc.,31
Con Yeager Spice Co,30
Kabobs Inc,30
Cass Clay Creamery AMPI Fargo Division,30
"Country Fresh Products, LLC",29
"Missa Bay, LLC",29
"Cumberland Valley Creamery, LLC",29
Mexicantown Wholesale,29
Royal Seafood Baza,29
San Francisco Herb & Natural Food Company,28
Healthmaxx Global Inc.,28
American Beverage Corp,27
"The Santa Barbara Smokehouse, Inc.",27
Valley Bakery Wholesalers Inc,27
"All American Seasonings, Inc.",27
"Schmidt Baking Co., Inc.",26
"The Caramel Factory, LLC.",26
"Chemi- Source Inc, Nutra Pak",26
Frontier Natural Products Co-op,26
The Pictsweet Company,26
Dolcetta Artisan Sweets,26
Simply Fresh Fruit,26
TRIANGLE PHARMANATURALS LLC,26
Hy-Vee Stores Inc,26
"nSpired Natural Foods, Division of the Hain Celestial Group",25
Karoun Dairies,25
Wysong Corporation,25
Oskri Corp.,25
"Sabra Dipping Company, LLC",25
"PIAZZA PRODUCE, INC.",24
Bunge Oil North America Inc.,24
"Boba Direct, Inc.",24
"Bliss Bros Dairy, Inc.",24
The Pastene Companies Ltd.,24
Dr. Praeger'S Sensible Foods,23
FreshPoint Central Florida,23
H-E-B GROCERY COMPANY LP DBA HEB,23
"Oasis Trading Co., Inc.",22
Lavoi Corporation d/b/a/ Epi De France,22
"Sargento Foods, Inc.",22
"GKI Foods, LLC",22
Mondelez Global Llc,22
Produce Packaging Inc,22
"Maine Natural Health, Inc.",21
E3 Artisan,21
Ottogi America Inc,21
Triceutical Inc./Zhang,21
"Mary's Harvest Fresh Foods, Inc.",21
Sockeye Suzys Fish LLC,20
Kraft Foods Group,20
Wakefern Food Corp.,20
"Ajinomoto Windsor Inc., Golden Tiger Plant",20
BIMBO Bakeries USA,20
HEB Retail Support Center,20
E S Foods,20
Crescent Vending Co. Inc.,20
Custom Ingredients LLC,20
"Paradigm Foodworks, Inc",20
Heartland Coca-Cola Bottling Company,20
"Aspen Hills, Inc.",19
"Infiniti Creations, LLC",19
"Frito-Lay, Inc",19
Caito Foods LLC.,19
Howard Calcagno Farms,19
CHICAGO BAR COMPANY LLC RXBAR,19
Advance Pierre                                    N,19
Fresh Unlimited Inc,19
Mars Chocolate North America,19
"Cool Creations, LLC",19
Rachael's Food Corporation,19
Tradewind Foods de Puerto Rico Inc.,18
Roos Foods Inc,18
"Clement Pappas & Co., Inc.",18
"Palmer and Company, dba Palmer Candy Co",18
"Aurora Products, Inc.",18
H E B,18
Whole Food Market,18
"H.P. Hood, LLC",18
"Gills Onions, LLC",18
Pecan Shed,18
"QualiTech, Inc",18
Full Tilt Ice Cream,18
"Gold Standard Baking, Inc.",18
The Harvard Drug Group,17
"Spillson's, Ltd.",17
Bimbo Bakeries Usa,17
Materne North America Corp,17
"Eillien's Candies, Inc.",17
"Royal Seafood Baza, Inc.",17
Nestle USA,17
Alaska Pasta Company,17
E. Franco & Co. Inc,17
MDS Foods Inc,17
Rich Products Corp,17
"Oasis Brands, Inc",17
New Punjab Sweets Inc.,17
Magic Gourmet Trading Inc,16
"SunOpta Food and Grain, Inc.",16
"Whole Foods Market Brand 365, Llc",16
"Wilderness Family Naturals, LLC",16
Mkg Provisions Inc,16
"Saputo Cheese USA, Inc.",16
Northwest Wild Products,16
"Spiceco, Inc.",16
Jensens Old Fashioned Smokehouse Inc,16
"Del Monte Fresh Produce North America, Inc",15
"Grain Craft, Inc.",15
Skipanon Brand Seafoods LLC,15
Mars Food US,15
United Natural Trading Inc. dba Woodstock Farms,15
"First Spice Mixing Co.,Inc.",15
Nobel Bakery,15
FreshPoint South Florida,15
Union Bagel Shop,15
"Florimont, Inc.",14
Umpqua Dairy Products Co,14
Santos Inc.,14
"San Gennaro Foods, Inc",14
Reaction Nutrition LLC,14
Pharmavite,14
"Biery Cheese, Inc.",14
Flywheel's Pies,14
J F C International Inc,14
United Natural Trading,14
"First Source, LLC",14
"NatureBox, Inc.",14
"Dale & Thomas Popcorn, LLC",14
"Kemps, LLC",14
"Empirical Laboratories, Incorporated",14
"Albertsons Companies, Inc.",14
Coca-Cola Company  (The),14
"Materne, North America",13
Fresh Ideas Inc.,13
Amys Kitchen Inc,13
Brownwood Farms,13
"Freshpoint Atlanta, Inc.",13
"Diamond Crystal Brands, Inc.",13
"Paleteria Y Neveria La Rosita, LLC",13
Triple B Corporation,13
"Dean Foods, Inc.",13
"Hostess Brands, LLC",13
"Helados La Tapatia, Inc.",13
"Productos La Finca, Inc.",13
Chris A Papas & Son Co,13
"Del Monte Fresh Produce NA, Inc",13
"Regency Group, Inc., The",13
eBars,13
Chapel Hill CreameryLLC,13
Williams West & Witt's Products Company,13
Stevens Family Bakery & Orchard LLC,13
"Ventura Foods, LLC",13
"F & S Produce Co., Inc. (Site II)",13
"Deutsch Kase Haus, LLC",13
Pacific Coast Fruit Company,13
"Schwabe North America, Inc.",13
"The Smokehouse of New York, LLC.",13
Ready Pac Foods Inc,13
Eco-Cuisine,12
"Two Chefs On A Roll, Inc",12
Givaudan Flavours Corp,12
Koffee Kup Bakery Inc.,12
Fresh From Texas Inc.,12
"Ukrop's Homestyle Foods, LLC",12
Dutch Valley Food Distributors,12
Ohio Hickory Harvest Brand Products Inc.,12
Bumble Bee Foods LLC,12
"Rita's Fine Food, Inc. Dba Da Vinci's",12
"Busch's, Inc. - Central Production Facility",12
Dutch-American Foods Inc,12
Wilton Brands.,12
C H S Inc,12
Novartis Consumer Health,12
ASK Foods Inc,12
Kar Nut Products Company,12
Pennsylvania State University  Berkey Creamery,12
J M Smucker Co,12
Paleteria La Jalpita,12
Spokane Produce Inc,12
"Productos Pacheco, Inc.",12
NuGo Nutrition HQ,12
3fish Inc.,12
"Golden Crown Bakery, Inc. dba Panzanella Bread Company",12
Jardine Foods Inc,11
Cott Beverages Inc.,11
Big Blue Fisheries,11
"Marine Harvest USA, LLC",11
National Frozen Foods Corporation--Seattle,11
Welcome Market Inc,11
Yukon Concessions Alaska LLC,11
krispy kreme doughnut corporation,11
"Atkins Nutritionals, Inc.",11
Mauna Loa Macadamia Nut Corp,11
"Middle East Bakery, Inc.",11
North Fish Usa,11
"Ocean State Jobbers, Inc.",11
"Nelson's Creamery, LLC.",11
"Rucker's Wholesale & Service Co., Inc.",11
The SoyNut Butter Company,11
"Inland Seafood, Inc.",11
"Mrs Gerry's Kitchen, Inc",11
Kwik Trip Bakery,11
First Source Llc,11
"Twin City Bagel, Inc.",11
NOW Foods,11
"Dursett Amigos, Ltd",11
Health Matters America Inc.,11
"Oscar's Hickory House, Inc.",11
"Purely American, Inc.",11
"Butter Creek Farms, Inc.",11
Xan Confections,11
"Northern Fish Products, Inc.",11
"Sartori Inspirations, LLC",10
"Pizza Blends, LLC",10
"Shearers Foods, Llc",10
Bergin Fruit And Nut Co Inc,10
Bleating Heart Cheese LLC,10
Luckyberry,10
Nutrizone LLC,10
Kroger Co,10
Nuevotanicals,10
"Berres Brothers, Inc.",10
Krispy Kreme Doughnut Corporation,10
"Smith's Country Cheese, Inc.",10
"Rise'n Roll Bakery, LLC",10
"Dawn's Foods, Inc.",10
Mahina Mele Farm,10
Penobscot McCrum LLC,10
Leo Leo Gelato,10
"Signature Breads, Inc.",10
"Grassfields Cheese, LLC",10
"Texas Star Nut and Food Co., Inc.",10
"BrightFarms, Inc.: WDC Greenhouse LLC",10
Greenberg Fruit Co,10
Lehi Valley Trading Co.,10
"Winter Gardens Quality Foods, Inc.",10
"Arctic Zero, Inc.",10
"R.W.Garcia Co., Inc.",10
"Butala Emporium, Inc.",10
Sadie's Salads,10
Superior Dairy Inc,10
Sugar Foods Corporation Inc,10
"The Garibaldi Cannery, LLC",10
"Cut Fruit Express, Inc.",10
EBY BROWN CO,10
THRIVE MARKET,10
"Supreme Distributors, Inc.",10
C.F. Sauer Company,10
"Giant Greens, Inc.",10
Kuster's Inc.,10
Oregon Potato Company,9
"Tri-Union Seafoods, L.L.C dba Chicken of the Sea.",9
"Falcon Trading Co., Inc.",9
American Laboratories Inc,9
"ProThera, Inc.",9
Belmont Confections Inc,9
"The Dannon Company, Inc.",9
Clif Bar And Company,9
CHI Greenhouse,9
Real Fudge,9
Roots Organic Gourmet,9
"The Father's Table, LLC",9
Jugos y Agua La Morovena Inc.,9
"IQ Formulations, LLC",9
S & M International Inc,9
Hot Mama's Foods,9
"Galveston Shrimp Company, Inc.",9
"Baker's Service of South Florida, Inc.",9
"Mel-O Cream Donuts International, Inc.",9
Ikea North America Srvcs Inc,9
Midway Specialty Vehicles LLC,9
New Seasons Market LLC,9
"Creative Snacks Co., LLC",9
"Reo Spice & Seasoning, Inc",9
"TreeHouse Foods, Inc / Bay Valley Foods",9
"4 C Foods, Corp.",9
Conagra Inc,9
Riba Foods Inc,9
"Porfirios Italian Foods, Inc.",9
"The Lambs Farm, Inc.",9
Health Wright Products Inc,9
Amrita Health Foods,9
"Global Vitality, Inc. dba Enzyme Process International",9
Laura's Boston Brownies,9
Kraft Heinz Foods,9
Spice Chain Corporation,9
Hagee Foods Inc.,9
Guggisberg Cheese Inc,9
G.O. Fresh,9
3CS ORGANICS LLC,9
"Gourmet Classic Salads, Inc.",9
"Kermit, Inc.",8
"Senor Murphy Candymaker, LLC",8
Trident Seafoods Corp - Island Enterprise M/V,8
"Texamerican Food Blending, Inc.",8
The Gatorade Puerto Rico Co,8
Vulto Creamery,8
"Bread Stop Bakery, LLC",8
"Kronos Foods, Inc.",8
"American Importing Co, Inc",8
Pine Valley Foods Inc,8
Vega / Sequel Naturals,8
Kennys Farmhouse Cheese,8
Kerry Ingredients & Flavours Research & Developement Center,8
"Oriental Packing Co., Inc.",8
Manna Organics Inc,8
"NatureAll-STF Holding, LLC",8
La Mexicana LLC,8
Wm Bolthouse Farms Inc,8
J & J Distributing Company,8
"Taylor Farms, Inc.",8
Safeway Inc,8
Pink's Ice Cream,8
Cinnamon and Spice Bakery,8
"Pepperidge Farm, Incorporated",8
Trader Joes Company,8
"Gourmet Foods, Inc.",8
GRIFFITH FOODS,8
"Kanan Enterprises, Inc.",8
"Wisconsin Cheese Group, LLC",8
Bickel's Snack Foods Inc,8
"D & D Foods, Inc.",8
Plant Devas Inc,8
"Kettle Foods, Inc.",8
Lewis Bakeries-Evansville,8
Justin's Nut Butter,8
"Reser's Fine Foods, Inc. - Century",8
Shatto Milk Co,8
Savannah-Imperial LP- Savannah Sugar Refinery,8
"H E B Grocery Company, LP",8
"Wonderful Pistachios & Almonds, LLC.",8
Abbott Nutrition,8
Pastian's Bakery,8
"B&G Foods North America, Inc",8
"Harry and David Operations, Inc.",8
Chip'n Dipped,8
Benson's Old Home Kitchens Bakery Division,8
Sugar Flowers Plus,8
Lochirco Fruit & Produce Inc,8
NUTRANEXT BUSINESS LLC,8
Hom'ade Foods,8
ConAgra Foods Inc,8
Woodland Foods,7
"International Flavors & Fragrances, Inc",7
A I Foods Corporation,7
Trophy Nut Co Inc,7
Armada Nutrition,7
"Kwik Trip, Inc.",7
Air Stream Corp.,7
R.A.B. Food Group LLC,7
Go Max Go Foods,7
Flying Food Group LLC,7
Threshold Enterprises Ltd,7
Fresh Express Incorporated,7
"KIND, LLC",7
Damon Industries,7
"True Taste, LLC.",7
"HoneyCombs Industries, LLC",7
Texas Plum Line,7
Gemini Food Corporation Inc,7
Joy's International Foods,7
"Blue Planet Foods, Inc.",7
Pulmuone Wildwood Inc,7
Southeastern Mills Custom Seasoning Solutions,7
"House-Autry Mills, Inc",7
Midwest International Corp,7
Grand Supercenter Inc.,7
Quaker Foods and Snacks North America,7
Kirkman Group Inc.,7
"Nubreed Nutrition, Inc",7
Greenbelt Greenhouse Ltd,7
"M & P Food Productions, Ltd.",7
"McConnell's Ice Cream, Inc.",7
"VivaCeuticals, Inc. dba Regeneca Worldwide",7
Henrys Farm Inc.,7
BIMBO Bakeries USA Inc.,7
"Gourmet Kitchen, Inc.",7
Lsg Food World Inc,7
Great Northern Bakehouse Inc. dba Le Petit Outre,7
World Food LLC.,7
Pastry Food Products Inc.,7
Gourmet International Inc.,7
Zilks Foods,7
"Starwest Botanicals, Inc",7
"Sweets & Desserts, Inc.",7
Companion Foods Corp.,7
"Los Chileros De Nuevo Mexico, LTD",7
HP Hood LLC,7
Gold Medal Products,7
"USPlabs, LLC",7
Utz Quality Food Inc,7
Harris Teeter,7
Hormel Foods Corporation,7
"Think Thin, LLC",7
"Lakeside Foods, Inc",7
"Dierbergs Markets, Inc Corporate Office",6
Buddy's Kitchen Inc,6
"Taylor Farms Tennessee, Inc.",6
T And S Oyster Farm,6
"Tomales Bay Foods, Inc.",6
AYAA Popcorn Manufacturing Corp.,6
"Specialty Commodities, Inc.",6
"St Clair Foods, Inc.",6
Island Soups Company Inc.,6
"Appeeling Fruit, Inc",6
Bulletproof 360 Inc,6
Goya Foods,6
Fresh Express Incorpated,6
Cakes & More Delight's,6
"Poco Dolce Confections, Inc.",6
Twin City Foods Inc,6
"Smucker Natural Foods, Inc.",6
Lakeview Cheese Co Llc,6
"Grippo Potato Chip Co., Inc.",6
Raley's,6
GnuPharma Corp.,6
Hillside Quickie Too,6
"International Foodsource, LLC",6
Heartland Products Inc.,6
"Boston Salads & Provisions Co., Inc.",6
El Campestre,6
Regalo's Favorite of Hawaii Inc.,6
"Let's Talk Health, Inc.",6
"Bakers Of Paris, Inc.",6
Lisy Corp.,6
Pdx Aromatics,6
"Suadel Food Products, Inc.",6
Wang Globalnet,6
Seattle Pops,6
Agave Dream,6
"Fresh Pak, Inc.",6
Yorgo Food's Inc.,6
"InHarvest, Inc.",6
Kusher LLC,6
Wawona Packing Company,6
"Del Monte Fresh Produce N.A., Inc. HQ",6
Zip International Group LLC.,6
"Coca-Cola Refreshments USA, Inc.",6
"Magic Seasoning Blends, LLC",6
Clif Bar & Company,6
San Juan Salsa Co.,6
Hampton Creek Foods,6
Nature's Value Inc.,6
SEAQUEST SEAFOOD CORPORATION,6
"Sami's Pita Bakery, Inc.",6
Chukar Cherry Company,6
Lotus Foods Inc,6
Valley View Orchard Pies Inc.,6
"Cap Sur Mer, Inc.",6
"Processed Foods, Inc.- Custom Foods",6
"Maharaja Food Importers, Inc.",6
Ingredients Corporation Of America,6
"ISF ""USA"", LLC",6
"The Sausage Maker, Inc.",6
"Apio, Inc.",6
Pepsi Beverages Company,6
"Farm Country Cheese House, Inc.",6
CAMBRIDGE FARMS OF HANOVER LLC D,6
America New York Ri Wang Food Group Co. Ltd.,6
The Cultured Kitchen,6
"Altijira Murray Products, LLC",6
Oxford Frozen Foods Plant 1,6
American Pure Whey,6
Atherstone Foods Inc dba Glass Onion Catering,6
GOULIBEUR,6
"Unilever United States, Inc.",6
Deep Foods Inc,6
Reily Foods Co.,6
Hostess Brands LLC,6
Gilster-Mary Lee Corp.,6
Elite Spice Inc.,6
Great Feeling Foods,6
"Gulf Coast Blenders, Inc",6
Salmolux (A Pacific Seafood Group Company),6
Dolci Gelati LLC.,6
CFS West Holdings Inc,6
Confidence Inc./Confidence U.S.A. Inc.,6
Osamu Corporation,6
FoodState (Nutrient Manufacturing),6
Westbrook's Cannery,6
Triple B Corporation -  Charlie's Produce,6
Sunshine Peanut Company,6
1908 Brands,6
"Ardent Mills, LLC",6
UNFI,6
Qtrade Teas And Herb,6
Nestle Waters North America,6
Greenies LLC d.b.a. Terra Spice Company,6
King's Pastry,6
"Champion Foods, LLC",6
"Christian Cheese, LLC",6
"Contes Pasta Company, Inc.",5
classic cooking llc,5
"Panera, LLC",5
Country Fresh Inc.,5
"Martinez Imports, LLC",5
"Carmel Food Group, Inc.",5
Aldi Inc,5
B & H Foods Inc,5
"Greater Miami Caterers, Inc.",5
Bindi North America,5
Specialty Enzymes & Biotechnologies,5
Dungeness Seaworks,5
Taylor Farms Pacific Inc. (MacArthur Facility),5
JLM Manufacturing LLC,5
MyoSci Technologies Inc.,5
"Chocolate Shoppe Ice Cream Co., Inc.",5
"World Finer Foods, Inc.",5
Fish Family Farm,5
"Immune Tree, Inc (formerly ITG, Inc.)",5
Domega NY International Co Ltd,5
"Land O' Lakes, Inc",5
Bazzini LLC,5
"Back To Nature Foods, Llc",5
Tyson Foods Discovery Center,5
The Coca-Cola Company,5
"Procesadora de Dulces Tipicos, S.A. de C.V.",5
"Independent Nutrition, Inc.",5
"Lipari Foods Operating Company, LLC",5
"Blommer Chocolate Co., Inc.",5
Buffalo Trace Distillery,5
Lyrical Foods Inc,5
"GHSW, LLC",5
"Swanson Health Products, Inc",5
Natures Best Inc,5
Raymond Hadley Corporation,5
"Indian Foods & Spices, LLC",5
Schnucks Markets Corporate Office,5
The C.F. Sauer Company,5
Stonyfield Farm,5
Hong Chang Corporation,5
"Bob's Red Mill Natural Foods, Inc.",5
"Apple Foods, Inc.",5
"Cedar's Mediterranean Foods, Inc.",5
"Papa John's Salads & Produce, Inc.",5
Baroody Imports Inc.,5
"Old Dutch Foods, Inc",5
Flexfrost,5
"Rome Packing Co., Inc.",5
"Vitale Brothers Bakery,Inc.",5
PUREFRUIT CHILE S.A,5
Troyer Cheese Inc,5
Eastland Food Corporation,5
Brett Anthony Foods,5
"The Sweetwater Co., Inc.",5
Colorado Nut Co,5
Sunrise Foods Inc,5
United Dairymen of Arizona,5
Zingerman's Candy Manufactory,5
Shearer's Snacks,5
See's Candies Inc.,5
Natural Grocers by Vitamin Cottage,5
Rill Foods,5
Prinova US LLC,5
Wildway LLC,5
Sun Rich Fresh Foods Inc,5
"Araya, Inc",5
"Karlsburger Foods, Inc.",5
"Circle U Foods, Inc",5
Arro Corporation,5
Gretchen's Shoebox Express,5
Gasco Industrial,5
FONA Int'l,5
Schwan Food Company dba Holiday Foods,5
Oma's Choice Inc,5
"Cargill, Inc         Corporate Headquarters",5
Nu Life Market LLC,5
Miceli Dairy Products Co,5
"Immuno - Dynamics, Inc",5
"Greencore USA, LLC",5
NBTY Inc.,5
Son In Law Products,5
Azteca Milling LP,5
Taylor Farms Maryland-Assateague Drive,5
Bush Brothers & Co,5
Jer's Chocolates,5
"Stonewall Kitchen, LLC",5
"Jem Raw Chocolate, LLC",5
Singh And Singh Distributors Inc.,5
Sequel Naturals Ltd,5
Apple Tree Goat Dairy,5
Banner Mountain Sprouts Inc,5
"Durrset Amigos, Ltd.",5
Vaughan Foods,5
"ARO Pistachios, Inc.",5
Pecan Deluxe Candy Company,5
"Mexicantown Bakery, Inc",5
"Simply D'Lish, LLC",5
"Baptista's Bakery, Inc",5
Dawn Food Products Inc.,5
"Sazon, Inc.",5
keen-wah LLC,5
Picnic Gourmet Spreads LLC,5
Stratas Foods Llc,5
Queseria Bendita,5
"Tippin's Gourmet Pies, LLC",5
Las Trojes,5
Fisher's Homestyle Salads,5
Ethnic International Holding Inc,5
Morski Brands Inc. dba Dawn's Fresh Foods,5
"GoMacro, Inc.",5
Flat Creek Farm & Dairy,5
"Berner Food & Beverage, LLC",5
Win Luck Trading Inc,5
Boulder Ice Cream,5
"Michael Foods, Inc.",5
United Salad Company,5
"New England Natural Bakers, Inc.",5
John B. Sanfilippo & Son Inc.,4
"Riviana International, Inc",4
"Subco Foods of Wisconsin, Inc.",4
Gorant Candies Inc A Division of Carlton Cards Retail Inc,4
Innova Flavours,4
Vibrant Health,4
"Navitas, LLC.",4
T.H. Seafood Inc.,4
Garden Of Life Llc,4
"Cedar Crest Specialties, Inc.",4
Friendly Ice Cream Corp.,4
National Frozen Foods Corporation,4
The Idaho Foodbank,4
"Coastal Green Vegetable Company, LLC",4
"Vitamin Cottage Natural Food Markets, Inc.",4
Beta Labs,4
"Rikki USA, Inc.",4
"HVL, LLC",4
Sammy Food Products LLC,4
"Quickie Stores, Inc.",4
GoldCoast Salads,4
"Slade Gorton & Company, Inc.",4
"The Dannon Company, Inc - Discovery & Innovation Center",4
Ruckers Makin Batch Candies,4
Achdut,4
King & Prince Seafood,4
Chs Inc,4
Haig's Delicacies,4
Hines Nut Co,4
"Ocho Rios-Miami, Inc.",4
Blount Seafood Corporation,4
NEW SEASONS MARKET,4
Emparedados Boricua,4
"U.B.C Food Distributors, LLC",4
JDS Bakery LLC,4
"H & L Jerch Sales, Inc.",4
GREENCORE USA,4
"Ballester Hermanos, Inc.",4
WEIS MARKETS,4
"Gasco Industrial, Corp.",4
Jean's Cake,4
"La Terra Fina, Inc.",4
FoodScience Corporation,4
Smiley National Inc,4
"McCormick & Company,  Inc.",4
"Crunch Pak, LLC",4
Icrest International LLC,4
"Gel Spice Co, Inc.",4
Essential Foods Inc. dba Globespun Gourmet,4
"Maya Distribution, LLC",4
"Bay Valley Foods LLC/ TreeHouse Foods, Inc",4
S. Martinelli & Co,4
Artashes LLC,4
"Hanover Pike Enterprises, Inc.",4
"Premier Foods, LLC",4
Tower Cafe Inc. DBA Okarche Bakery,4
Schulze & Burch Biscuit Co,4
Nature'S Path Foods Inc,4
"Figi's, Inc",4
Producers Peanut Company Inc,4
Brolite Products Inc,4
Meiko Food Company Inc,4
Sea Watch International Ltd,4
He Butt Grocery Company,4
Nutrition Express Corporation,4
Sunny Pine Farm,4
"NutraKey, Inc.",4
Sarap Asian Fusion,4
Nyblad Orchards,4
"Barilla America NY, Inc.",4
Productos El Gauchito,4
McCormick &  Company - Corporate Headquarters,4
Market of Choice Inc.,4
"Taylor Catering,LLC",4
Mccall Farms Inc,4
"House Of Flavors, Inc.",4
Killer Brownie Distributing LLC,4
"Pacific Northwest Tofu, LLC",4
"ISB Food Group, LLC",4
"Urban Oven, LLC",4
"Jack Brown Produce, Inc.",4
Fieldbrook Foods Corporation,4
"Condies Foods, Inc",4
"Cheesecake Royale, Inc.",4
Tortilleria Provincia,4
Harmless Harvest,4
Derby City Vending Inc,4
"Grato Holdings, Inc.",4
Dessert Innovations II Candy Divison,4
Paige Common,4
New Century Snacks LLC,4
Cadence Gourmet LLC,4
Ventura Foods Calttn Hq Ap Bulk Oil,4
"Island Delights, Inc.",4
Freshbev LLC,4
Mondelez International,4
Texas Pecan Co,4
Ventura Foods Llc,4
"Savory Foods, Inc.",4
Bumble Bee International,4
Whiskey Hill Smokehouse,4
"Shawnee Milling Company, Inc.",4
Brinkhoff & Monoson Inc,4
"Turkey Hill Dairy, Inc.",4
"Edney and Sellers, Ltd.",4
Ocean Group Inc.,4
Milky Way Intl Trading Corp,4
H-E-B Houston Culinary Center,4
California Snack Foods Inc,4
Flowers For Less,4
"Triarco Industries, Inc.",4
NW Nutritional Foods LLC,4
Asian Bakery,4
"Maplehurst Bakeries, LLC.",4
"Elaboraciones Felo, Inc.",4
GloryBee Inc,4
"Snoqualmie Falls Candy Factory, LLC",4
Give and Go Prepared Foods Corp - Finch,4
Confections by Michael Recchiuti,4
Pharmavite Corporation,4
WHOLE FOODS MARKET,4
Faye's Texas Naturals,4
"Protica, Inc",4
Unified Western Grocers Inc,4
"Ultradent Products, Inc.",4
"Minnie Marie Bakers, Inc. dba Awrey's Bakery",4
Naturex Inc.,4
"Hahn, Harry O Seafood Inc",4
Nutiva,4
Bakery Cash & Carry Inc.,4
Giant Eagle,4
International Sprout Holding Inc.,4
Tristar Food Wholesale Co Inc,4
Del Monte Research Center - Walnut Creek,4
"Walong Marketing, Inc.",4
HELLOFRESH,4
"Real Foods of Seattle, LLC",4
Glaser Organic Farms,4
World Variety Produce Inc.,4
"Batista Bakery & Pastries, Inc.",4
"LEAN CULINARY SERVICES, LLC",4
Crown Prince Inc,4
Winter Gardens Quality Foods Inc,4
Carriage House Creations,4
Sun Boricua Pa'l Mundo Inc.,4
Jac Vandenberg Inc.,4
American Licorice Co,4
"American Instants, Inc.",4
Apex Energetics,4
BA Sweetie Candy Co,4
Bruce Foods Corporation,4
"New American Food Products, LLC DBA American Foods",4
Raymond-Hadley Corp.,4
Hungry Heart Bakery,4
Badger Botanicals LLC,4
Southeastern Grocers,4
"Cuisine Innovations LLC dba Bon Appetizers, LLC",4
TILLAMOOK COUNTY CREAMERY ASSOC,4
"Good Seed, Inc.",4
"Marjon Specialty Foods, Inc.",4
Nicomex Inc.,4
Torn & Glasser Inc.,4
"1 Epic, LLC",4
Mondelez Puerto Rico,4
LJA Enterprises,4
Pearl Valley Cheese Inc,4
"Progressive Laboratories, Inc",4
"Hee Chang Dairy & Food Co., LTD",4
Borinquen Natural,4
"Pamela's Products, Inc.",4
Hannaford Bros.,4
"Taylor Farms Retail, Inc.",4
Woosung America Corp.,4
Green Mountain Coffee Roasters,4
Pita Pal Foods LP,4
The Quaker Oats Company,4
Evershing International Trading Inc.,3
Breadfarm,3
"Giovanni Food Company, Inc.",3
The Sourdough: A European Bakery Inc.,3
Camerican International,3
Durrset Amigos Ltd.,3
"Marine AgriFuture, LLC",3
Maternal Science Inc,3
J M Exotic Foods Inc,3
"Orange Peel Enterprises, Inc.",3
SM Fish Corp,3
"Atlantic Spice Co., Inc.",3
"Ultimate Nutrition, Inc.",3
Club 13 Enterprises Warehouse,3
BEDEMCO IMPORT EXPORT INC.,3
"Holley Cold Storage Fruit & Produce Co., Inc.",3
Colonna Brothers Inc.,3
Flowers Foods,3
Aloha,3
"Fairytale Brownies, Inc",3
"Somersault Snack Co., LLC",3
Misty Fjord Seafood LLC,3
"Falafel King Ent, Inc.",3
"Montana Flour & Grains, Inc",3
Wegmans Food Markets,3
ASR GROUP INTERNATIONAL INC,3
Market of Choice Inc,3
Hummingbird Wholesale,3
Dean Foods Company,3
Red Eagle Enterprises,3
Marsee Foods Inc,3
"Atlantic Pro Nutrients, Inc. dba  XYMOGEN",3
"Coloma Frozen Foods, Inc.",3
"Severn Peanut Co., Inc. DBA Hampton Farms",3
Marine Harvest,3
B & D Seafoods Inc,3
"Cho & So, Inc. DBA Oh Bok Bakery",3
"Red Diamond, Inc.",3
"Dukarani Food Processing, Inc",3
"Great American Appetizers, Inc.",3
"Global Garlic, Inc.",3
The Dannon Company Inc,3
American Pop Corn Co,3
Franklin Farms East,3
Supermercado Econo Inc.                                    E,3
Frozen Specialties Inc,3
Josephson's Smokehouse,3
Bonduelle USA Inc,3
AA USA Trading Inc.,3
"LL Bakery, Inc.",3
Turkana Food Inc.,3
Dairy Farmers of America,3
"Maruchan, Inc.",3
"Rushing Waters Fisheries, LLC",3
"Ken's Foods, Inc.",3
Sobisk Foods LLC,3
"Geneva Foods, LLC",3
"Cooperstown Cheese Company, LLC",3
Byrd Cookie Co,3
Mount Franklin Foods LLC,3
"Oregon Ice Cream, LLC",3
Spartan Stores,3
"Sprout Creek Farm, Inc.",3
"KDK Management, Inc., dba Bubbles Baking Co.",3
Ducktrap River of Maine LLC,3
The Hain Celestial Group- Worldwide Headquarters,3
Sunny Seafoods Inc,3
Yukon Jackson,3
Northern Tier Bakery (dba\ Super Mom's),3
"Manzana Products Co.,  Inc.",3
Mitsui Foods Inc,3
Mitsuwa Corporation,3
Farm To Market Foods,3
Smith Dairy Products Co,3
"Fabrica Confecciones Soto, Inc.",3
Yummy Earth Inc,3
"Tate's Wholesale, Llc.",3
Dr. Pepper Snapple Group Inc,3
World's Choice Products,3
"Norpac Foods, Inc. (Plant #8)",3
"The TJX Companies, Inc.",3
Palmer Candy Co,3
Whole Foods Market South Seafood Distribution,3
House of Spices (India) Inc.,3
Chaos and Pain,3
Food Concepts,3
Pacific American Fish Co Inc,3
Seafarers Inc.,3
"Ron's Home Style Foods, Inc.",3
Schafer Fisheries,3
KT Specialty Foods Inc.,3
"Phil-Am Trading, Inc.",3
Krisppee Products Co.,3
"Hi-Tech Pharmacal Co., Inc.",3
"Detroit City Nut, LLC",3
"Family Food Distributors, Inc.",3
"Dymatize Enterprises, LLC",3
Pure Hothouse Foods Inc.,3
Aldon Food Corp. dba Don's Salads & Don's Food Products,3
Lamb Weston Inc,3
Annie's Homegrown Inc,3
Bacalafoods Corp,3
"Sunshine Burger & Specialty Food Company, LLC",3
BoKU International,3
Black River Industries,3
Food For Life Baking Company Inc.,3
Aspire Food Group USA Inc.,3
Superior Foods,3
"Schwan's Global Supply Chain, Inc.",3
Peoples Bakery Inc,3
"King Henry's, Inc.",3
Gromex Inc.,3
New Frontier Foods/Ocean's Halo,3
Glenn Wayne Wholseale Bakery Inc.,3
"Sirob Imports, Inc.",3
"ISABEL NORTH AMERICA, INC.",3
Seoul Trading Inc.,3
"Hoover Mill, Inc.",3
The Great Gourmet Inc,3
Nu Skin Enterprises Inc.,3
"Bar-Jim Inc., dba Mrs. Griffins Barbecue Sauce",3
Manufacturing Solutions International,3
Ortho Molecular Products Inc,3
Thai Culinary Arts Studio LLC,3
Bell Stone Toffee,3
Talenti Gelato,3
Southwind Foods LLC dba Great American Seafood Imports Co.,3
Greystone Foods LLC,3
"Spence & Co., Ltd.",3
Bulletproof Digital Inc,3
"Fourth Street Barbeque, Inc.",3
"Plum, Inc.",3
"Ocean Beauty Seafoods, LLC",3
"Golden Chocolate International, Inc.",3
Shoreline Fruit Inc,3
"Star Snacks Co., Llc.",3
Banks Square Market Corp dba The Produce Connection,3
"Herr Foods, Inc.",3
River Valley Sprouts,3
RAW DEAL,3
"Frito-Lay, Inc.",3
Dancing Star LLC,3
Designer Protein LLC,3
"MR Cuts, L.p.",3
Charter Baking Company,3
Wicks,3
Pacific Pure Aid,3
Sonora Mills Foods,3
Tribe Mediterranean Foods Inc.,3
Reese Pharmaceutical Company,3
"Taylor Farms Texas, Inc.",3
Harris Teeter Distribution Ctr,3
"Supervalu, Inc.",3
"7-Eleven, Inc.",3
Zakah Life LLC,3
"Heartland Gourmet, LLC",3
"BBM Chocolate Distributors, Ltd.",3
Delhaize America (Hannaford Bros),3
National Foods Packaging Inc,3
"Nutrafuels, Inc.",3
"My Dads Favorite Cookies, LLC",3
"Chesapeake Spice Company, LLC",3
Dutch Valley Food Distributors Inc.,3
"Ricos Tostaditos, Inc.",3
"Apio, Inc. DBA Apio Fresh LLC",3
KRAFT HEINZ FOODS COMPANY,3
Chicago Kimchee,3
Mothers' Milk Bank at Austin,3
"Farrell Farms, Inc",3
Perfect Foods Bar,3
"IDLife, LLC",3
Harvest Food Group,3
JJBL LLC,3
"California Popsicle, Inc.",3
Mothers' Milk Bank of Montana,3
Life Rising Corp                                    S,3
Wehah Farms,3
Global Lam Sheng Kee inc.,3
Vinco Inc.,3
Haldeman Mills,3
Mikawaya,3
"EN-R-G Foods, Inc.",3
"The King Arthur Flour Company, Inc.",3
"Viable Solutions, LLC",3
Diamond Crystal Brands Inc,3
"AdvoCare International, LP",3
"Priester Pecan Company, Inc.",3
Del Monte Fresh Produce N.A.,3
"Best Foods NJ, Inc.",3
Moonstruck Chocolate Company,3
"CJ Bakery, INC",3
COCA COLA BOTTLING COMPAN,3
"World Pure Foods Wholesalers, Inc.",3
"Elevation Brands, LLC",3
"El Campestre, Inc.",3
"High Quality Organics, Inc.",3
FLAVORx Inc.,3
The Kraft Heinz Company,3
Defense Nutrition,3
"Seoul Shik Poom, Inc.",3
"Peanut Processors, Inc.",3
"Greencore USA, Inc.",3
"Coborn's, Inc",3
Frank L Harter & Sons Inc,3
Quality Dairy Farms Inc.,3
Marathon Ventures Inc,3
Unified Grocers Inc.,3
Whole Foods Market Pacific NW Distribution Center (PDC),3
"Consolidated Mills, Inc",3
The Int'l. Company For Agricultural Production & Processing,3
Price Chopper Golub Corperisable Warehouse,3
Amcane Sugar Llc,3
"Labrada Nutrition, Inc",3
Bounce Life Style HQ,3
House Of Thaller Inc,3
"Kerry, Inc",3
OLMA-XXI INC.,3
Maple View Ice Cream,3
Ozone Confection & Bakers Supply Co.,3
"O'Pelle Enterprises, Inc.",3
Southeastern Grocers Llc,3
Bio-Cat Inc,3
Sweetwater Farms LLC,3
"Olde Thompson, Inc.",3
"Braga Organic Farms, Inc.",3
"Campbell Soup Supply Co., LLC",3
N.A.C. Foods,3
Irwin Naturals,3
"Sugarfina, LLC",3
Kelejete LLC,3
Bridge City Baking LLC,3
Poppie International INC,3
H & C Food Inc.,3
Royal Frozen Food,3
Snyder's-Lance Inc.,3
Interstate Seafood Inc,3
Hot Pandeyuca & Company Inc,3
Wanchese Fish Company,3
"Grand Strand Sandwich Company,Inc.",3
Bar Harbor Jam Company,3
Four Brothers Packaging Inc.,3
"Roland Foods, LLC.",3
"Renfro Foods, Inc.",3
Pacific Nutritionals,3
"Standard Process, Inc.",3
Blythedale Farm Inc.,3
Pulmuone Foods Usa,3
"Crave Brothers Farmstead Cheese, LLC",3
"Richard's Rub & Seasonings, LLC",3
"G. Debbas Chocolatier, Inc.",3
"Kwei Chow Sauce Industry Co., Ltd.",3
True World Foods San Francisco LLC.,3
Go Fresh,3
"Windy Acres Candy & Nut, Outlet Inc.",3
Family Dollar Stores - NC Distribution Center,3
"Maribel's Sweets, Inc.",3
Sage Creek Inc,3
Stewart's Shops Corp.,3
"Navitas, LLC., dba Navitas Naturals",3
Club Chef LLC,3
The Hershey Company,3
Formulations For Life,3
"Western Mixers Produce & Nuts, Inc.",3
"El Popocatepetl Ind., Inc.",3
Balajee Trade Link LLC,3
Hiland Dairy Foods Company LLC,3
Jody's Inc.,3
"It Takes A Village Foods, LLC",3
"Garden Fresh Salsa, Inc.",3
"New Hope Mills Mfg., Inc.",3
True Nature LLC,3
"Pr Supplies Co., Inc.",3
"Tortillas Mexico Mexico, Incorporated",3
Index Fresh,3
Herb Garden Productions,3
Reshmi's Group Inc.,2
Sugar Daddy  LTD,2
"Health Matters America, Inc.",2
Taylor Shellfish Co,2
"BIG RED TOMATO PACKERS, LLC",2
"Waymouth Farms, Inc",2
Charles Products Inc,2
"Green Dirt Farm, LLC",2
"Top Taste, Inc",2
"Taylor Farms New Jersey, NJ",2
"Pascalite, Incorporated",2
A & S Food Trading Inc.,2
Price Chopper Supermarkets,2
Ella's Kitchen,2
The Humphrey Popcorn Co,2
"Meijer, Inc #816 - Grand River Packaging",2
"La Pasta, Inc.",2
Crown Candy Corporation,2
Pharmatech Llc,2
"Dakota Style, Inc",2
"CH Guenther & Sons, Inc",2
Kingston Pharma LLC,2
Indonesian Food Mart,2
Mylan Pharmaceuticals Inc.,2
Carfagnas Inc,2
Belfonte Ice Cream & Dairy Foods Co,2
HEB Grocery Company,2
Cereal Ingredients Inc,2
"Boskovich Farms, Inc",2
Save-A-Lot Food Stores Inc,2
Golub Corporation,2
Drews LLC,2
"Royal Foods, Inc.",2
"Bakery Express of Central Florida, Inc.",2
Naturally Fresh Inc.,2
"Global Health Laboratories, LLC",2
Legendary Baking,2
Bakery Express of Southern California,2
"Chetak New York, LLC",2
The Spicemill LLC.,2
"Choice Products USA, LLC",2
"Zumbro River Brand, Inc",2
Desly International Corp.,2
"Kilwin's Quality Confections, Inc.",2
Natural Creations Inc,2
New B.C.N. Trading Inc,2
Chapis Spice & Tea,2
Korean Food Co.,2
Dolce Dolci LLC dba Villa Dolce Gelato,2
"Command Nutritionals, LLC",2
AJINOMOTO WINDSOR INC,2
Nectar Foods LLC,2
Gold Star Smoked Fish Corp.,2
Marin Food Specialties Inc,2
"Norpac Foods, Inc.",2
Gamay Foods Inc,2
"Beehive Botanicals, Inc.",2
Nutra Balance Products,2
"Lucy's Kitchen, Inc.",2
Divinity Product Distribution LLC,2
Annie's Kitchen,2
Restaurant Depot,2
Pollio Italian Cheese Company,2
"Steven Roberts Originals, LLC",2
"Biscomerica, Inc.",2
Olde York Potato Chips,2
Real Mex Foods,2
Strong America Limited,2
"Concord Foods, LLC",2
Freedom Snacks,2
Servatii Inc,2
Rosa Foods HQ,2
Lee'S Food Corp,2
Semifreddi's Inc.,2
"United Food Ingredients, Inc.",2
Robert Rothschild Farm LLC,2
Great American Marketing Company,2
Oaxaca Mexican Products,2
"C.J. Dannemiller Company, Inc.",2
Mt. Olive Pickle Company Inc,2
"Nutrition Center, Inc. dba Nutri-West",2
Seabear Company,2
"Swinomish Fish Company, Inc",2
"Marich Confectionery Company, Inc.",2
Bearded Brothers LLC,2
Aryzta North America,2
"Wholesale Baking, Inc.",2
Nishimoto Trading Co Ltd,2
Miami Growers Inc.,2
"A. L. Schutzman Company, Inc.",2
"FMIF Holdings, LLC dba Snow Monkey",2
Pearson Foods Inc.,2
Portland French Bakery L T D,2
Velvet Ice Cream Company,2
Green Organic Vegetables Incorporated,2
Lindt & Sprungli USA,2
Living Tree Community Foods,2
Blooming Import Inc.,2
"Minnesota Best Maid Cookie Co, Inc.",2
"Ann's House of Nuts, Inc",2
Kellbran Candies and Snacks Inc,2
"Napoleon Company, The",2
"Wynlife Healthcare, Inc.",2
Arise Gluten Free Bakery,2
SUNFRESH NATURAL LLC.,2
Dough Acquisition Co,2
Progressive Gourmet Inc.,2
"Metagenics, Inc.",2
Plenus Group Inc.,2
"Wells Enterprises, Inc.",2
Energy Club Inc,2
Traditional Medicinals Inc,2
"Custom Co-Pak, LLC",2
"Nutreglo Products, LLC.",2
"El Gordo Spices, LLC",2
"Bedessee Imports, Inc",2
"Altura Food, Inc.",2
Dean Foods of California Inc,2
H:20 Innovations LLC,2
Sunshine Bakery,2
Tarrier Foods Corp,2
Clorox Co (The),2
Swire Coca Cola USA,2
"Dauphin Holdings, Inc. DBA Arnolds Candies",2
Steve's Gourmet Confections,2
"Decoty Coffee Company, Inc",2
"Oak Haven, Inc dba Country Life Natural Foods.",2
"Preferred Meal Systems, Inc.",2
"The Hain Celestial Group, Inc. - Worldwide HQ",2
Sni llc,2
"Lovebiotics, LLC",2
"Vita Food Products, Inc.",2
Flowers Bakery Of Montgomery LLC,2
Censea Inc,2
Hillshire Brands Company,2
Michael Zakany LLC,2
Alfred Louie Inc,2
Prime Time International,2
Heather's Choice,2
R.W. Bakers Co. Inc.,2
"Made In Nature, LLC",2
Dito's - A Sysco Company,2
Pepsi Cola North America,2
Friendly Fruit Market dba Sid Wainer & Son,2
"Truco Enterprises, Inc",2
Chu Minh Corp,2
Interbake Foods,2
"General Mills, Inc.",2
Nu Products Seasoning Co.,2
"Prosperity Resources International, Inc.",2
Ancient Formulas Inc,2
Grand Canyon Foods International LLC.,2
"Shenandoah Growers, Inc.",2
VIRTUS PHARMACEUTICALS LLC.,2
Vitalab Co Inc,2
GE PHARMA LLC -,2
Lin-Mar Partners Inc,2
"Reichel Foods, Inc",2
Schwartz Brothers Restaurants dba Schwartz Brothers Bakery,2
Meduri Farms Inc,2
Charlemagnes Tree Farm Ltd,2
"Winn-Dixie Logistics, Inc.",2
Wholesome Soy Products,2
"D. F. Stauffer Biscuit Co, Inc.",2
HAMCHOROM INC,2
"Tastefully Simple, Inc",2
Gonnella Baking Co.,2
Brown & Haley Inc.,2
Huxtable's Kitchen Inc,2
"Unified Seafood Company., Inc.",2
Anhing Corporation,2
Bertagni 1882,2
Jem Raw Chocolate LLC,2
Simmering Soups Inc.,2
Marquez Produce Inc.,2
Gravel Ridge Farms,2
"Bevovations, LLC dba New England Apple Products Company",2
"Sunneen Health Foods, LLC",2
Fannie May Confection Brands Inc,2
Certified Smoked Fish LLC,2
Aleias Gluten Free Foods LLC,2
Harmony Chai,2
Kodiak Wild Alaska Seafood,2
FreshPoint Corporate,2
Hoop Nuts LLC DBA Christophers Nut Co,2
"Hidroponicos Brownia, S.P.R. de R.L.",2
Panera Bread LLC,2
"Aqua Filter Fresh, Inc.",2
Andrew & Williamson Fresh Produce,2
Funky Chunky LLC,2
"Bee International, Inc.",2
Rocky'S Historic Eastern Market,2
Kroger Corporate Food Technology Laboratory,2
Kellogg USA Inc,2
Tumalo Farms LLC,2
Terrafina,2
E & E Enterprises,2
Liquid Assets Inc,2
"Pinks Bakery Seattle, Inc.",2
Brookshire Brothers LTD-Central Bakery Plant,2
Hmshost,2
"Tortilleria Lupita, Inc.",2
"Dollar Tree Distribution, Inc.",2
"Florida Nutri Labs, LLC",2
MUNK PACK INC,2
"Werner Gourmet Meat Snacks, Inc.",2
Vintage Food Corp.,2
"Js Pelmeni Ok, Inc.",2
"Old Fashioned Foods, Inc.",2
Fred Meyers Inc,2
Atlapac Trading Company Inc,2
Victory General Foods Inc,2
Pepsico Inc,2
Nassau Candy,2
"Morris J. Golombeck, Inc.",2
Satur Farms LLC,2
"Sun Noodle New Jersey, LLC",2
Donkey Salsa,2
Summit Import Corporation,2
Triton Seafood Co.,2
"FANTE, Inc., dba Casa Sanchez Foods",2
"World Class Distribution, Inc.",2
"Tortillas Tita, LLC",2
A.R.Food Brokerage Corp.,2
Coastal KOP LLC dba King of Pops,2
Ingles Markets,2
Itoen (USA) Inc,2
Republic Of Tea,2
"Granna's, LLC",2
Tres Latin Foods,2
"Tyson Foods, inc.",2
"CT Concerns, Inc.",2
Duy Drugs Inc.,2
Gold Medal Products Co,2
"ABH Nature's Products, Inc.",2
Bliss Unlimited,2
Cheryls,2
Dutch Valley Food Development Inc.,2
"Pure Encapsulations, Inc.",2
JRZ Dairy Products Inc.,2
Washington Harvest Wapato,2
K & P Marketplace Ltd. d.b.a Mt. Kisco Smokehouse Ltd.,2
"Ernesto Tropical Food, Inc",2
Herbalife International Of America Inc,2
Silva International Inc.,2
Atkins Indiana Distribution Center,2
Supervalu,2
Creative Food Concepts,2
Way Fong LLC,2
"FENG MAO BIOTECHNOLOGY ORGANIC FOOD CO., LTD.",2
"Moondance Heavenly Desserts, LLC",2
Interbake Foods Llc,2
SAFEWAY INC,2
Nestle Infant Nutrition,2
Raley's Family of Fine Stores,2
"Empresas Barsan, Inc.",2
SHAKTI GROUP USA LLC,2
Koda Farms Inc,2
Modern Macaroni Co Ltd,2
"Ziegenfelder Company, Inc.",2
Country Favor Inc.,2
Hail Merry LLC,2
Classic Delight Inc,2
Albertsons Llc,2
"American Spoon Foods, Inc.",2
U-Can Food Trading Inc,2
Ricker Hill Orchards,2
"Ungar's Food Products, Inc.",2
"Real Foods, LLC",2
New Sun Inc,2
Newman'S Own Inc.,2
F.H.G Corporation dba Integrity Nutraceuticals,2
Mike-Sells Potato Chip Co,2
Finger Lakes Farmstead Cheese Company Llc,2
"Nutri-Dyn Midwest, Inc.",2
Freeland Foods Inc.,2
Improper Goods,2
"Nexgen Pharma, Inc.",2
Misono Food Ltd,2
"K.B. Pizza, Inc.",2
"Winn Dixie Stores, Inc.",2
"Olam Tomato Processors, Inc.",2
"Bliss Microcreamery, Inc.",2
Fine Land Corp,2
Hilo Fish Company Inc,2
Starkey Water,2
Allergy Research Group,2
"Wm. E. Martin & Sons Co., Inc.",2
"Honey Heaven Wholesale, Inc.",2
Frutarom USA Inc.,2
"L. M. Noodle Company, LLC",2
H-E-B Corpus Christi Operations,2
"GoPicnic, Inc.",2
"Rucker's Makin Batch Candies, Inc.",2
Sid Wainer And Son,2
Fischer & Wieser Specialty Foods,2
Garden Of Light Inc.,2
Peking Food LLC,2
"BumbleBar, Inc.",2
Unity Groves Corporation,2
Fresh Foods Manufacturing Co.,2
"Innovative Labs, LLC",2
Craft Brewers Alliance Inc.,2
CSM Bakery Products North America,2
"Lenny & Larry's, Inc.",2
AMS Health Sciences,2
"Taylor Farms Florida, Inc.",2
Thrive Foods LLC,2
Hanover Foods Corporation,2
"Brunkow Cheese of Wisconsin, Inc.",2
Yoma Myanmar,2
Krasnyi Oktyabr Inc.,2
Food Designs Inc,2
Authentic Gourmet,2
"Postres de Aqui, Inc.",2
Church & Dwight Inc,2
"Boulder Brands, LLC",2
Sweet Earth Inc.,2
"Pinnacle Food Group, Llc",2
Cgnp Manufacturing,2
"GAS LLC, LLC - Golden Alaska M/V",2
"ReNew Life Formulas, Inc.",2
"James G. Cole, Inc., dba ASN/Maxam Neutraceutics",2
"Mary's Gone Crackers, Inc.",2
Kitchen By The Sea,2
Lion Pavilion Ltd.,2
Jamba Juice,2
"Julian Bakery, Inc.",2
"Tropical Valley Foods, Inc.",2
"Shoreline Fruit, LLC",2
Holmquist Hazelnut Orchards,2
"doTERRA International, LLC",2
"Elmec Industries, Inc.",2
New Algae Company,2
"Casper's Ice Cream, Inc",2
Cedarlane Natural Foods Inc/Frankly Fresh Foods Inc.,2
WD IMPORT AND EXPORT INC.,2
"SNACK DEPOT, INC.",2
T. Marzetti Company,2
Whole Foods Market Mid-Atlantic Kitchen,2
"CaCoCo, Inc.",2
"Taylor Farms Pacific, Inc.",2
Bozzutos' Inc.,2
Little Mermaid Smokehouse,2
"Johnson Brothers Liquor Company, Inc",2
Choice Northwest,2
Ochoa's Queseria LLC,2
Pro Nutech Inc.,2
"Ohio Valley Herbal Products, Inc.",2
Oregon Food Bank,2
My Sweet Ol' Etcetera,2
"Hale And Hearty Soups, LLC",2
Kradjian Importing Co,2
FLOWERS FOODS,2
Rockman Company Usa Inc,2
Portland Chocolate Company LLC,2
JP Trading and Global Imports LLC,2
John Zidian Co,2
TRES HERMANOS BAKERY,2
Caribou Coffee Company Inc.,2
Taylor Fresh Foods Inc,2
Publix Bakery Plant,2
Ouhlala Gourmet Llc,2
Stuffed Foods LLC,2
Subco Foods Inc.,2
R and S Gourmet Warehouse,2
Prep Enterprises Llc,2
"Green Chile Foods, Inc.",2
Burch Farms,2
Hong Lee Trading Inc,2
Naturmed Inc DBA Institute for Vibrant Living,2
Terri Lynn Inc.,2
"ANAT, LLC",2
GRAND CENTRAL BAKERY INC,2
Sumano's Bakery,2
CTC Food International Inc,2
"Southern Belle, Inc.",2
Good Earth Egg Company,2
Blount Fine Foods Corporation,2
UNITED TRADING CENTER INC,2
Premier Research Labs LP,2
Nestle Prepared Foods Company,2
"Frito Lay, Inc",2
"RELISH FOODS, INC.",2
Blue Diamond Growers,2
"Country Harvest, Inc.",2
Pious Lion,2
R-Kane Products Inc.,2
Vending Nut Co Inc,2
Best West Foods,2
Tilgner's Alaskan Salmon,2
"Bounty Foods, Inc",2
Smucker Foods of Canada Co.,2
Greenland Trading Corp,2
Salsa Dianne,2
Hanmi Incorporated,2
"Golden Krust Caribbean Bakery, Inc.",2
purely elizabeth.,2
Simple Health LLC,2
Kkot Saem Bean Sprouts,2
"Bakkavor Foods USA, Inc.",2
"Fernandez Chile Company, Incorporated",2
Stutzman Farms,2
"Popcorn Factory, The",2
El Alteno,2
R.J. Van Drunen & Sons Field Facility,2
"Nestle USA, Inc - Northbrook Pizza Head Office",2
Dorothy Dawson Food Products dba Dawson Foods,2
"Morgan Foods, Inc.",2
"Jack And The Green Sprouts, Inc.",2
"Goya Foods, Inc.",2
West Coast Laboratories Inc,2
Amy'S Kitchen,2
Gardner Pie Company,2
"Perez Casas Enterprises, Inc.",2
Michel Cordon Bleu Inc,2
Krispak Inc,2
APOGEE FOODS,2
Setton International Foods Inc,2
K & T Oriental Imports Inc.,2
TP Food Processing Inc.,2
Maplehurst Deli-Bake South Inc,2
Scenic Fruit Company,2
Garber Ice Cream Company Inc,2
Nestle Dreyer's Ice Cream Company,2
"Hart Freeze pack, LLC",2
"Newark Nut Stores, Inc.",2
"NatureMost of New England, Inc.",2
Oasis Foods Co,2
Northhampton Peanut Company,2
Lyons Magnus,2
"Kracker Enterprises, LLC",2
"Lone Star Bakery, Inc",2
"Inventure Foods, Inc.",2
Justin'S Nut Butter,2
"Rocky Mountain Foods, Incorporated",2
"Casey's Bakery, Inc",2
Superior Nut Co. Inc.,2
McShare's Inc,2
Readington Farms Inc.,2
"Victoria Gourmet, Inc.",2
"All One, Inc.",2
MBG Marketing,2
Southern Home,2
"Etai's Food, Inc",2
Keystone Food Products Inc,2
"Quest Nutrition, LLC.",2
Monfitello,2
"Tarry Medical Products, Inc.",2
Physique Enhancing Science,2
Creation Gardens,2
Chicago Importing Co,2
Patel Grocery Corp,2
T.F. Foods Incorporated,2
ShanTea LLC,2
Bidart Bros.,2
Conway Import Co,2
Valley Milk Products,2
"Twenty-First Century Healthcare, Inc",2
"Driscoll's Strawberry Associates, Inc.",2
J.M.Rosen Cheesecake,2
Zarbee's Naturals Inc.,2
STE FROMAGERE DU LIVRADOIS,2
Hilltop Farm,2
Whole Alternatives Llc,2
Red Chamber Company,2
Mrs Rigg's Sandwiches,2
"Iberia Foods Company of New York, Inc",2
Commerce International Inc.,2
H. A. R. Maspeth Corp.,2
"FreshPoint Central California, Inc.",2
"Fahman Enterprises, Inc",2
Dayton Nut Specialties Inc,2
"White Wave Foods, Inc",2
"Deb-El Food Products, LLC.",2
Whole Foods Market Northeast Regional Office,2
American Licorice Company,2
Caromont Farm,2
Sherman Produce Co,2
Century Snacks LLC,2
FROMI USA CORP C/O NATIXIS PRAME,2
"New American Food Products, LLC.",2
"Kabco Pharmaceuticals, Inc.",2
Carson's Country Market,2
J R Simplot Co Corporate HQ,2
"Spokane Produce, Inc.",2
Callie's Charleston Biscuits,2
Authentic Alaska,2
Alimentos Kamuk Internacional (Costa Rica) S. A.,2
Puratos Chocolate USA,1
Wakefern Foods Corp.,1
"Gordon Food Service, Inc.",1
To Your Heart's Content,1
"East-West Specialty Sauces, Inc.",1
PITTSBURGH SPICE & SEASONING CO,1
Jo'S Candies,1
"Lovin Oven, LLC",1
Superior Nut & Candy Dist. Co.,1
English Bay Batter Inc (Toronto) US Division,1
Procesadora de Frutos y Vegetales del Caribe,1
McCormick & Co Inc. Spice Mill Plant,1
Lily Bloom's Kitchen,1
Cheezwhse/Com,1
"Southern Specialties, Inc",1
AMPI,1
Rico Brand,1
"Badia Spices, Inc.",1
Bairn Biologics,1
Oregon Freeze Dry Inc,1
"Artisan Baking Company, LLC.",1
Msu Dept Of Fd Sci Dairy Plant,1
"Innovative Food Processors, Inc.",1
"Smith's Food And Drug, Inc",1
"4Patriots, LLC",1
Topnotch Foods Inc,1
Royal Rye LLC,1
"C. H. Guenther & Sons, Inc.",1
"Hope Foods, LLC dba Hope HUmmus",1
"Fong Kee Tofu Co., Inc.",1
Nutricia North America,1
LSG Sky Chefs #1393,1
"Death Wish Coffee Company, LLC",1
"Dairy Maid Dairy, LLC",1
Meijer Inc,1
"Coca Cola Bottling Company United-East, LLC",1
Bucks Ice Cream,1
Lian Hwa Foods (USA) Inc.,1
"FKC International, Inc.",1
Gruma Corp,1
"EonNutra, LLC",1
Rolnicza Spoldzielnia Produkcyjna Zlotoklos,1
Forever Cheese,1
"Tovli, Inc.",1
Church & Dwight Co,1
"True World Foods Portland, LLC",1
JML Holdings Inc,1
"CJ Foods, Inc., A Division of CJ America",1
"Los Milagros Tortilleria, LLC",1
Global Commodities Inc,1
Mann Packing Co Inc,1
"Thai Ocean Venture Co., Ltd.",1
Dd Foodsolutions Inc.,1
River Canyon Retreat,1
"Tropical Nut & Fruit Co., Inc.",1
Madison One Acme Inc,1
Palmer and Company,1
"SR Rosati,  Inc",1
"21st Century Foods, Inc.",1
Oskri Organics Corp.,1
"Vertical Pharmaceuticals, Inc.",1
Haddon House Food Products Inc,1
MCF Operating LLC,1
Ahold USA,1
"Ed Fields & Sons, Inc",1
"BLACKWING ORGANIC MEATS, INC.",1
Riddhi USA Inc.,1
"Bolner's Fiesta Products, Inc",1
Global Juices & Fruits LLC,1
EBRO North America dba New World Pasta,1
HEALTHY FOOD INGREDIENTS,1
"Krinos Foods, Inc.",1
Fairway  Group Holding Corp dba  Fairway Bakery LLC,1
"2 Moms in the Raw, LLC",1
"Fresh Express, Inc.",1
PROLAINAT,1
Hydroblend Inc,1
KRASNYI OKTYABR INC,1
APOLLO FOOD INTERNATIONAL INC.,1
Christie Cookie Co Inc,1
Pacific Organic Produce,1
Menno Beachy,1
Lotte International America Corp (LA Branch),1
Windsor Frozen Foods,1
Innovative Nutrition Technologies,1
Chesterman Co,1
Nestle Dreyers Ice Cream Company,1
"Blessing Seafood, Inc.",1
Caribe Produce,1
Ozturk Gardens,1
Bitterman and Sons,1
United Dairy Farmers Inc,1
Publix Super Markets,1
"Friendly Fruit, Inc. dba Sid Wainer & Son",1
Post Consumer Brands,1
"Colony Brands, Inc.",1
May Flower International Inc.,1
Dmh Ingredients Inc,1
Acme Smoked Fish Corp.,1
KeHE/Tree of life Bloomington,1
Fred Meyer Inc.,1
Borden Dairy Co Of Cincinnati Llc,1
Virginia Diner Inc,1
Khee Trading,1
Health Nuts,1
"Los Chileros De Nuevo Mexico, LLC",1
KALTEC FOOD PACKAGING INC.,1
AB HANSON AND MOHRING,1
Original Amish Bakery LLC,1
Baked in the Sun Corporation,1
Maytag Dairy Farms Inc,1
Barrel O' Fun Snack Foods Co.,1
Leclerc Foods USA,1
"Dr Pepper/ Seven Up, Inc",1
"Prime Foods, Inc. LLC",1
"ProThera, Inc. dba SFI USA",1
Mister Cookie Face Corporation,1
"Creole & Company, LLC",1
Ikko International Trading LLC,1
"Flying Food Group, Inc.",1
Tai Foong USA Inc,1
"Exotic Superfoods New York, Inc.",1
Scenic Fruit Co,1
Harvest Sensations LLC,1
Nuts Are Good! Inc.,1
Gilster-Mary Lee Corporation,1
"Maplehurst Bakeries, Inc.",1
Woodstock Farms,1
Northstar Produce,1
"Joseph Shalhoub & Son, Inc.",1
Thomas Produce Co.,1
Oberlander Baking Co,1
"DEOLEO USA, Inc.",1
Ontime Distribution Inc.,1
Ultra Laboratories,1
ADM Milling Co.,1
JML Ingredients,1
"Allen's Blueberry Freezer, Inc.",1
"Fresco Green Farms, Inc.",1
JIN SUN MI INTERNATIONAL INC,1
"Faribault Foods, Inc",1
"Davis Chocolate a division of Deco Chem, Inc.",1
Aptalis Pharma Us Inc,1
Hodgson Mill Inc,1
Bottling LLC  dba Pepsi Beverages Company,1
Albertsons Companies LLC,1
21ST CENTURY SNACK FOODS,1
Bay State Milling Company,1
JP's Delicacies LLC,1
"Chemi-source, Inc.",1
"Pea River Peanut Company, LLC",1
"Cracker Industries, LLC",1
Lifevantage Corp,1
"LEASA  Industries Co., Inc.",1
"Late July Snacks, LLC",1
"Cape Ann Seafood Exchange, Inc.",1
Fairway Operating Corp.,1
Fabi-saa Inc.,1
"Charlie's Specialties, Inc.",1
"Coconuthead, LLC",1
Rhee Brothers Incorporated,1
Good Eggs SF - Bay,1
Tropical Nut & Fruit Company,1
EL Chilar Huff,1
Henry-Broch Co,1
Seggiano Usa Inc.,1
Lotte International America Corp.,1
"Miravalle Food, Inc",1
Trinidad Benham Corp,1
Chocolate Decadence,1
KIND LLC,1
Federico's Bakery,1
Supreme Bakery LLC,1
Mothers Milk Bank,1
"Ziyad Brothers Importing, Inc.",1
"San Francisco Spice Company, Inc.",1
"Diversified Natural Products, Inc.",1
La Salsa Foods Inc,1
Lam Sheng Kee (Usa) Enterprise C,1
Chattanooga Bakery Inc,1
Sunfood Superfoods,1
Flora Inc,1
ARON STREIT INC,1
Global Commodities Corp.,1
"The French's Food Company, LLC SUBS Reckitt Benckiser",1
Tullia's,1
"Hikari Miso International, Inc.",1
"Shah Distributors, Inc",1
"Food Source, Inc",1
"Quaker Manufacturing, LLC",1
Bazzini Holdings L.L.C.,1
"Quest Nutrition, LLC",1
Montero Farms,1
"West Coast Produce, LLC",1
Flying Cow Creamery,1
Nature's Harmony LLC,1
GRAND BK CORP.,1
BLM Products U. Vertriebsges,1
"Magic Valley Fresh Frozen, Inc",1
FOODSTIRS,1
Gift Services Inc Warehouse,1
Eban Bakery Gluten Free Breads and Baked Goods LLC,1
"D'Aqui Manufacturing Products, Corp., Dba Postres de Aqui",1
BlendTech Inc,1
National Sugar Marketing LLC,1
Seely Family Farm,1
Schreiber Food International,1
Oriya Organics,1
Sun Opta,1
Citrus Systems Inc,1
Awareness Corporation,1
The Jefferson Street Bakery Inc.,1
CJ Distribution (Oakland) Inc.,1
Samra Produce & Farm Inc,1
Astor Chocolate Corp.,1
Salmon River Foods Inc,1
"Cargill Cocoa & Chocolate, Inc.",1
Green Core,1
Blue Line Food Service Distribution,1
Healthy Solutions LLC,1
Butterfly Bakery Inc.,1
Pure Herbs Ltd,1
Indalco Foods Corp.,1
Custom Foods Inc.,1
Cinnabar Specialty Foods Inc,1
Four Brothers Packaging Corporation,1
Josie's Homestyle Pralines Etc. Inc.,1
"Six Dog, LLC",1
"Cosmo's Food Products, Inc.",1
Athens Baking Company,1
Rising Sun Farms Inc,1
Grace Foods (USA) Inc,1
"Taylor's Candy, Inc.",1
Hamchorom Inc.,1
"Infinite Herbs, LLC",1
Archer Daniels Midland Company,1
"International Flavors & Fragrances, Inc.",1
LD Amory & Company,1
"Gourmet Express Marketing, Inc.",1
Sincere Orient Commercial Foods Corp.,1
"Condies Foods, Inc.",1
Arthur Schuman Midwest LLC,1
"Kent Precision Foods Group, Inc.",1
Cuisine Med. Catering,1
Sunfood Corportation,1
"R & S Mexican Food Products, Inc",1
Earthworks Health,1
"Silver Spring Foods, Inc.",1
"Dole Packaged Foods, Llc",1
Norm's Gourmet Sauces & Blends,1
La Finquita,1
Focus Products Group Llc,1
Tropical Produce Specialist Corp,1
Altamira Specialty Food Service,1
Losurdo Foods Inc,1
"PGP International, Inc.",1
Despana Brand Foods,1
Prayon Inc.,1
New Dream Team,1
"Local Baking, Co, Inc. T/A Joey's Fine Foods",1
Altiza Inc.,1
Mariposa Baking Co.,1
"San Miguel Produce, Inc.",1
Willis Ocean Inc.,1
Hartleys Potato Chip Company Inc,1
Daesang America Inc,1
"PAO DE MILHO III, LLC",1
"Southern Bakeries, LLC",1
"Papa John's Salads and Produce, Inc.",1
"MusclMasster, LLC",1
Creole Delicacies Kitchens Inc,1
"Sprouts Extraordinaire, LLC",1
Teasource,1
"Jiffy Food Service, LLC",1
Starway Inc.,1
Clear Spring Foods Specialty Products Plant Inc.,1
"C.G. Higgins Confections, LLC",1
American Gourmet,1
Sweet Superior Ltd,1
Toft Dairy Inc,1
Paragon Foods,1
Karl Bissinger LLC,1
Atlantic Fisheries,1
Diamond Foods Inc,1
MEGABUSINESS LLC.,1
"Harvest Food Group, Inc",1
Talking Rain Beverage Co Inc,1
Feel Good Foods Inc,1
LaBree's Bakery,1
Marina's German Bakery,1
Dollar Only Wholesale,1
"Penn Herb Company, Ltd.",1
Danielle Livolsi Jagrma,1
Mr Goodcents Inc,1
"Simply Fresh Foods, Inc",1
Jimmy's Cookies,1
NATURES TOUCH FROZEN FOODS LLC,1
"Bestco, Inc.",1
Foods R US,1
"Meijer, Inc.",1
Louis Hong Inc Dba Mei Shun Noodle Inc,1
"Gutierrez Distributors, LLC",1
"Harb Dairy, Inc. DBA Green Cedar Dairy",1
Root 23 LLC,1
American Yeast Corporation,1
Sokol and Co,1
SALT & STRAW LLC,1
United States Bakery Corp,1
Superior Foods Company,1
World Organic Corp.,1
Ferrara Candy Comp,1
Bellisio Foods Inc,1
Aroma Imports Inc,1
Northern Fisheries Ltd.,1
Pacific Rim Distribution Inc.,1
Industrias Alimenticias Kern's y Cia. S.C.A.,1
"Premier Food Management, LLC",1
Plaze Inc,1
Red Bull North America Inc.,1
"Brand New Energy, LLC",1
Homestat Farm Ltd,1
Super Store Industries-Turlock Dairy Division,1
Zenobia Company LLC,1
AC Culinary Group LLC,1
Mandelin Inc,1
"Food Gusto, Inc.",1
Golub Corp,1
"Centerville Pie Company, Inc.",1
"Wimberger's Old World Bakery, Inc.",1
"Florida Bottling, Inc.",1
JNC International Inc.,1
BrandStorm Inc,1
Crown Food Distributor Inc.,1
"The Secret Garden of Park Rapids, Inc.",1
LA Link Corporation,1
"Gourmet Nut, Inc.",1
"Sunrise Meats, Inc.",1
Sandridge Food Corporation,1
CSM Bakery Products,1
"La Casa del Limber, Inc.",1
"Yoli, Inc. dba Mi Costenita",1
Cracker King Corp.,1
TN Juice Bar,1
"Deskins Wholesale, LLC",1
Sisel International Llc,1
"Twinings North America, Inc.",1
Nashua Nutrition,1
"4Life Research, LLC",1
Barcelona Nut Company,1
Divine Living,1
Williams-Sonoma,1
"Seacrest Foods International, Inc.",1
"Monogram Appetizers, Inc",1
"Great American Deli, LLC",1
H & E Trading Inc,1
The Wornick Company,1
"Izzio Artisan Bakery, LLC",1
Mercola Group,1
"Orca Bay Seafoods, Inc.",1
Coblentz Distributing Inc dba Walnut Creek Foods,1
Germinados Campo Verde,1
Frozen Inc.,1
Coliman Pacific Corp,1
Frog Holler Ltd.,1
Ingredion Incorporated,1
"Buddy's Kitchen, Inc.",1
Sessions Co. Inc.,1
Old Time Candy,1
Muffin Mam Inc (The),1
SJBW Corp,1
Earthcoco,1
Farmers Market,1
"Safecor Health, LLC",1
Pro Bioteks Laboratories,1
Patel Shippers Inc,1
Golden Star International Inc.,1
"Fresca Foods, Incorporated",1
"Conifer Specialties, Inc.",1
"The Dough Shop Pizza Dough Shop, Inc.",1
Asia Cash & Carry Inc.,1
"Mike's Quality Meats, Inc.",1
Beatrice Bakery Co,1
Vern's & Son Food Service Distributing,1
"Willamette Valley Pie Company, LLC.",1
Manicaretti Inc,1
Icelandic Provisions Inc.,1
Kill Cliff,1
AC Creamery,1
Fast-Pak Trading Inc.,1
SIMPLY FRESH FOODS INC,1
"Creative Energy Foods, Inc. LLC",1
Mountain Rose Inc,1
"Warren Produce Co., LLC",1
Riggio Dist Co,1
"La Flor Products Co., Inc.",1
Hong Lee Trading,1
AMI Newco,1
Crown Food Distributors Inc,1
Cal-Fresh Produce,1
"LSG Sky Chefs, Inc.",1
Illes Food Ingredients Ltd.,1
The Horton Fruit Co Inc,1
"S & S Foods, Inc.",1
"Chocolate Therapist, The",1
World of Coca-Cola,1
"Sichuan Youjia Foodstuffs Co., Ltd",1
Lee Seed Co Inc,1
"McEvoy of Marin, LLC.",1
"Gotera, Inc",1
"Sahadi Fine Foods, Inc.",1
"Handsome Brook Farm, LLC",1
Enjoy Life Natural Brands,1
"Green Valley Group, LLC",1
Nodine's Smokehouse Inc.,1
JTM Provisions Co Inc,1
Natural Organics,1
"Dieffenbach's Potato Chips, Inc.",1
"Guayaki S.R.P., Inc.",1
Ahold Usa,1
NUTCO Inc. dba Germack Pistachio Co.,1
"McCormick & Company, Inc. - Flavor Manufacturing Center",1
Orange County Produce,1
Cleveland Crops Food Innovation Center,1
Primavera Nueva,1
"World Waters, LLC dba WTRMLN WTR",1
Del Dee Foods Inc.,1
K F K Seasonings Llc,1
GOLD COAST BAKERY,1
Perfect Pasta,1
"Nijay International, Inc.",1
"Anova Food, Llc",1
The Henry Gonsalves Co.,1
Probar LLC,1
Ross Acquisitions Company,1
Roth Farms Inc,1
mom Brands,1
"Tamarack, Inc.",1
All American Seasonings,1
"NewStar Fresh Foods, LLC",1
"Organic Spices, Inc",1
The Warrell Corporation,1
"Regeneca, Inc",1
Hazelnut Growers of Oregon,1
"Ethnic Foods, Inc. d/b/a Bombay Kitchen Foods",1
"Ciolino Wholesale Produce, Inc.",1
Jagpreet Enterprises Inc.,1
Cary's of Oregon LLC,1
SensoryEffects Powder Systems,1
Shirleys Cookie Company Inc.,1
"Commonwealth Dairy, Llc",1
DPI Specialty Foods Northwest Inc.,1
Wise Foods Inc,1
"Van Amerongen & Son, Inc.",1
"Garden Of Life, LLC",1
"Carla's Pasta, Inc.",1
"Talenti I, LLC",1
SIGMA FOODS INC,1
Cargill Salt,1
Axel Chemicals,1
"Schoep's Ice Cream Co, Inc",1
Sea Port Products Corp,1
Get The Tea,1
SDQ Trading Inc.,1
R F A Inc.,1
Hocean Inc,1
Duane Reade Inc,1
"Eden's Ethnos, LLC",1
"Vietti Acquisitions, LLC",1
Crystal Fresh,1
Buell's Orchard,1
Forager Project LLC,1
Spice Chain,1
Level Ground Trading Limited,1
"Big Y Foods, Inc.",1
Gano Excel USA Inc,1
Bao Gong Da Inc,1
Ferrara Candy Company,1
King Orchards,1
Mt Perry Foods Inc,1
House Of Spices Orlando,1
"Peanut Butter holdings, LLC",1
3 Fellers,1
"Acme Food Sales, Inc",1
Whole Foods Market North Atlantic Kitchen,1
Welle Pty Ltd,1
JOY GOURMET FOODS LLC,1
Avalon Packaging,1
Nutra Manufacturing,1
STEMVIDA INTERNATIONAL INC,1
Willit House Chocolate Co,1
Red River Foods Inc,1
Pepsico Gatorade Plant,1
The Family Jewels LLC,1
Kirsch Mushroom Co. Inc,1
"North Pacific Seafoods, Inc.",1
Navajo Agricultural Products Industry dba Flour Milling,1
Platinum Distribution Inc,1
First Source,1
RDK Corp,1
"Baugher Enterprises, Incorporated",1
"Anabolic Science Labs, LLC",1
Sunnyside Orchard,1
Perfetti Van Melle USA Inc,1
Red Bull North America Inc,1
Le Petit Belge,1
Myc Ingredients,1
Dough-To-Go Inc,1
Rong Chang Trading LLC dba: Always Best,1
"Severino Pasta Manufacturing, Inc.",1
"Iowa Choice Harvest, LLC.",1
NATURECOM INC,1
ICC/Marie Callender's Products,1
Nestle Puerto Rico Inc,1
Weaver Popcorn Co.,1
Hampton Farms Industrial Plant,1
CSM Bakery Products NA-Atlanta Frozen,1
"Simply Delicious, Inc. dba Bobo's Oat Bars",1
SK Food Group Groveport,1
H Group,1
Heritage International,1
MORTON SALT INC,1
"Novacare, LLC",1
"Ledgendairy Cheeseworks, LLC DBA Sequatchie Cove Creamery",1
"Smiling Hill Farm, Inc. dba Silvery Moon Creamery",1
Prana Biovegan Inc.,1
U S Deer Antlers Export & Import,1
G.L. Food Wholesale Inc,1
Linnane & Co,1
Uber Vita LLC,1
Box Mill Farm,1
Ballas Egg Prod Corp,1
United Trading Inc.,1
"Oregon Wild Berries, Inc.",1
Neighbors LLC,1
Tricar Sales Inc,1
"Bailey Farms, Inc.",1
N4h Research Llc,1
"Seth Ellis Chocolatier, LLC",1
Earthrise Nutritionals Llc,1
Front Row Produce LLC,1
Drucker Labs LP,1
"Homestead Pole Bean Cooperative, Inc.",1
Blue Venture Inc.,1
"BlendTech, Inc.",1
CAMPOMEX USA CORP,1
Seattle Gourmet Foods Inc.,1
LL'S MAGNETIC CLAY INC,1
Gouveia & Sons Imports,1
"Complete Packaging & Manufacturing, LLC",1
Ach Food Companies Inc,1
Absonutrix,1
Ghiringhelli Specialty Foods Inc.,1
Samiira's Homemade,1
Tropical Nut & Fruit Inc,1
Alpine Bistro & Bakery Company,1
Lancaster Fine Foods Inc.,1
"Dewey's Bakery, Inc dba Salem Baking Company",1
Royal Snacks Inc,1
"Wholesome Harvest Baking, Inc.",1
Barlean's Fishery Inc.,1
Omya Inc,1
"La Torre Foods Usa, Inc.",1
Michele's Granola LLC,1
Golden King Bakery,1
NEW FOREST LLC,1
"21st Century Healthcare, Inc.",1
"Creative Contract Packaging Corporation, LLC",1
Dough Masters Co Inc,1
Surma Distributors Llc,1
Ford Gum & Machine Company Inc,1
LBB IMPORTS,1
"Keys Fisheries, Inc.",1
Pages Produce Company Inc.,1
"Calavo Growers, Inc. (Corporate)",1
"Hardies Fruit & Vegetable Co., LP",1
"Chocolate By Design, Inc.",1
Advanced Fresh Concepts Corp,1
"Cost Plus Management Services, Inc.",1
Deli Star Ventures Inc. dba King's Food Products,1
Costco Wholesale,1
Pacific International Marketing,1
"Barrel O' Fun Snack Foods, Inc.",1
Saputo Cheese USA Inc.,1
"Sweet Sam's Baking Company, LLC",1
Cape Cod Provisions LLC,1
Columbia Gorge Gluten Free,1
Bauli,1
Braum's Ice Cream and Dairy,1
Minnesota Best Maid Cookie Co. Inc.,1
Urban Remedy,1
"Liberty Gold Fruit Company,  Inc.",1
"Brew Dr Kombucha, LLC",1
Snak King Corporation,1
Tedesco LLC,1
Aron Streit Inc.,1
ChloroFields,1
J&S Group,1
"Jayone Foods, Inc.",1
"Shin Shin Foods, Inc.",1
Restaurant Depot/Jetro,1
Yum Retaurants International,1
Cedar Lake Tea,1
Ice Cream Specialities,1
Pennant Ingredients,1
Madhava Honey Ltd,1
Tasty Delicious Bakery Inc.,1
Mighty Leaf Tea,1
R.L. SCHREIBER INC - LEBANON,1
Iberia Foods Corp.,1
Keystone Laboratories Inc,1
"JMT Trading Company, Inc.",1
California Natural Products,1
"Nutri-Force Nutrition, Inc.",1
Venus Wafers Inc.,1
Publix Corporate Office,1
"Jus Made, Inc",1
"Maya Overseas Foods,Inc",1
Capital Street LLC,1
DSD MERCHANDISER INC,1
Net Food Import and Export llc.,1
"Vanlaw Food Products, Inc",1
Lloyd'S Ice Cream Inc,1
"F & S Produce Co., Inc.",1
"Blue Moose of Boulder, LLC",1
Natures Bounty Inc,1
Dot Foods Inc.,1
"Early Bird Foods & Co., LLC",1
"Health 4 Life, LLC",1
Natural Selection Foods LLC dba Earthbound Farm,1
"ConAgra Frozen Foods, Inc",1
Planet Food,1
"Lipari Foods Operating Company, LLC dba JLM Manufacturing",1
"Nuts and Spice Co., Inc.",1
"Pure Ghee, Inc.",1
DZH Import & Export Inc.,1
"Truitt Bros., Inc.",1
"Nutrex Research, Inc.",1
Southern Style Spices,1
King Soopers Bakery,1
Mojave Foods Corp.,1
Wild Blue Yonder Foods/Waugh,1
Cains Foods L.P.,1
"Essential Living Foods, Inc",1
Anderson's Frozen Custard,1
Dollar General Corporation,1
Willamette Filbert Growers Inc,1
Graeters Manufacturing Company,1
Lovejoy Bakers Inc,1
Brenckle Farms,1
Beachside Produce Llc,1
"Breedlove Foods, Inc.",1
Farmers Cooperative Creamery,1
Custom Produce Sales,1
Pinnacle Foods,1
"Betty Lou's, Inc.",1
Unisea Inc.,1
"High Liner Foods, Inc.",1
Floyd Peterson Company Inc.,1
Zochem Inc.,1
Spices USA Inc.,1
S & P Company Limited,1
Daaks International,1
Casa De Mesquite Llc,1
"Pure Source, Inc.",1
Midlon Foods Inc.,1
"Osage Gardens, Incorporated",1
LOVE CORN USA,1
"J&D's Down Home Enterprises, Inc.",1
"A2Z Industries, LLC",1
"NGB, Corp",1
Nestle,1
PERU FOOD IMPORT INC,1
Puratos Corporation,1
Southwest Ice Cream Specialties,1
Lutosa S.A.,1
"T R Toppers, Inc.",1
"Fresh Tex Produce, LLC",1
Grand Products Inc.,1
Vinh Sanh Trading Corp,1
Arthur Schuman Inc.,1
"Global Marketing Enterprises, Inc.",1
Pepsi Bottling Group Nashville,1
Evolution Fresh Inc,1
"Koru Pacific Packaging, Inc.",1
Bel Brands USA,1
"Morski Brands, Inc. dba Dawn's Fresh Foods",1
Shri Shiva Foods Inc,1
E.D. Produce,1
"Lactalis American Group, Inc.",1
Food and Beverage Inc.,1
Expo Fresh L.L.C,1
"Italian Rose Garlic Products, LLC",1
Crown Pacific Int'L Llc,1
Annie Mac's Baking Company,1
Lao Thai Nam Corporation,1
AGROSONS LLC,1
Armour Eckrich Meats Llc,1
Specialty Produce Corporation,1
"Pendleton Flour Mills, Llc",1
"Santa Maura Spice & Garlic Co, Inc.",1
"The Harvard Drug Group, LLC",1
Fruiti Pops Inc.,1
"Nestle USA, Inc.",1
"Mason Vitamins, Inc.",1
Andante Dairy,1
SMART AND FINAL STORES CORP,1
Christ Kitchen,1
"The Dannon Company, Inc",1
Pepper Source Limited,1
"Comarco Products, Inc.",1
Fal Foods Usa,1
"Earthbound Farm, LLC",1
Monster Energy Company,1
DesignPac Gifts Inc LLC,1
R.M. Palmer Company,1
Frontiere Natural Meats,1
Eola Bottling Company Inc.,1
Food for Lane County,1
Flanes Lymar,1
Tipu'S Chai,1
Humei Trading Inc.,1
Ocean Spray Cranberries Inc.,1
"Nature's Candy, Inc.",1
"Oakshire Mushroom Sales, Llc",1
"Del Monte Fresh Produce N.A., Incorporated",1
"Kauffman's Fruit Farm and Market, Inc.",1
American Roland Food Corp.,1
"United Natural Foods, Inc. - Greenwood",1
"Mrs Grissom's Salads, Inc",1
"Michael's Bakery Products, LLC",1
Fresh Creative Foods,1
Teatulia,1
SUSHI HOUSE INC.,1
"Oregon Freeze Dry, Inc.",1
"Heritage Short Bread, Inc.",1
"Bakery Express - Mid Atlantic, Inc.",1
"Publix Supermarkets, Inc. (Deli Kitchen)",1
"EATALY NY, LLC (DUTY ONLY)",1
Perrigo of SC,1
"Brooks Tropicals, LLC",1
GMP Laboratories of America Inc,1
Sam Dry Fruits and Enterprises Inc.,1
T Up Trading,1
"KOTECHA BROTHERS, LLC.",1
Shah Distributors,1
Zip International Group,1
Botanical Laboratories Inc,1
"Optimal Nutrition, Inc",1
"Titan Farms, Inc. d/b/a Palmetto Processing Solutions",1
"S-L Snacks NC, LLC",1
Chocolate Holdings Inc. DBA Charles Chocolates,1
Premier Produce,1
Richmond Baking of Georgia Inc,1
H.C. Schau & Son,1
"Quesos Vaca Negra, Inc.",1
Suntree LLC,1
Tasty Toppings Inc,1
Vitalicious Acquisition,1
Beyond Better Foods Llc,1
"Saratoga Therapeutics, LLC",1
"Diamond Nutriceutical, Inc.",1
Country Fresh Food & Confections Inc.,1
Dunkin Brands Inc,1
Country Home Bakers,1
Kraft Foods North America,1
F. Gavina & Sons Inc.,1
"Kodiak Cakes, LLC",1
"CV EAST LLC, CORNERSTONE MARION LLC",1
Bakemark Ingredients Canada Lt,1
"Western Nut Company, Inc.",1
Herrs Foods Inc,1
Torn Ranch Inc.,1
Caudill Sprouting LLC,1
Portland Specialty Baking LLC,1
"fgf brands, inc",1
"Morley Candy Makers, Inc.",1
Mutual Trading Company Inc,1
Michel et Augustin Inc,1
Ventura Foods LLC,1
"Nature's Way Purewater Systems, Inc.",1
Spice N' More Corp.,1
"Cre 8 It, Inc.",1
"Khara Enterprises, LLC",1
"VRVK Nutraceuticals, LLC",1
"GM Distributing Co, Inc",1
Flying Foods LLC,1
Bruce Foods Corp,1
Supreme Foods,1
International Tea Importers,1
Uoriki Fresh Inc,1
"Silva International, Inc.",1
"John Vena, Inc.",1
"High Road Craft Ice Cream, Inc.",1
Aveka Nutra Processing,1
Megabusiness LLC,1
Williams and Company Inc dba The Nut Shop,1
Capital City Fruit Co.,1
Forever Cheese Inc,1
Cho Fuku Group (usa) Inc,1
"Golden Gate Soy Products, Inc.",1
K-Fat Inc.,1
"Henderson's Best Fresh-Cuts, LLC",1
Bwi Inc,1
SIlver HIlls Bakery,1
Namias dba Chonita Foods,1
"DUTCH TREAT SALADS, INC",1
TRULY GOOD FOODS,1
"Fanega Mexican Food Products, Inc.",1
US Gypsum,1
Doctors Best Weight Loss,1
yoders country market,1
"Pier Fish Company, Inc.",1
"Creative Occasions, Inc.",1
Versa Marketing,1
"Fresh Foods Of America, Llc",1
"American Spice & Seasoning, Inc",1
"American Sugar Refining, Inc.",1
"Taylor Farms California Foodservice, Inc.",1
Ron's Pizza Warehouse,1
Herbmed USA Company Inc.,1
Cousins Products LLC,1
Cowden's Lycoming Bakery,1
Chelsea Food Service Division of United Airlines,1
"California Olive and Vine, LLC",1
Woeber Mustard Manufacturing Co Inc,1
"Multiexport Foods, Inc.",1
Lake Michigan Distilling Co LLC,1
"Gilda Industries, Inc.",1
Paradise Tomato Kitchens Inc,1
Oregon Heritage Developments Inc dba Oregon Heritage Farms,1
Mandy Star Trading Inc,1
"El Tampiqueno Food Products, LLC",1
Cardinal Health,1
Knotts Wholesale Foods Inc,1
"Northwest Specialty, Inc.",1
Penzeys LTD,1
Kraft Foods Group Inc.,1
Ton Shen Health Inc,1
"SIB, Inc.",1
"Nuovo Pasta Productions, Ltd",1
C Pacific Food,1
"Rio Queen Citrus, Inc",1
Michael's Seafood Inc. DBA Michael's Gourmet & Delicacies,1
Biery Cheese Co,1
Original Soup Man,1
Skinny Latina LLC,1
Hickory Farms Inc,1
High Mowing Organic Seed,1
Moscahlades Bros Inc,1
United National Foods (Unfi),1
Liberty Fruit Co Inc - Carols Cuts Div,1
"Dawn Food Products, Incorporated",1
Golden Dharma International Corp,1
Natrium Products Inc,1
Dfi Marketing Inc,1
Sammy's Milk,1
"A G Specialty Foods, Inc.",1
YoungYou International Inc,1
"Tipico Products Company, Inc.",1
AL'S PICADERA,1
"Sconza Candy Company, Inc.",1
"Chiquita Brands International, Inc.",1
"Zachary Confections, Inc.",1
"MegaMex Foods, LLC - R&D Center",1
"Saratoga Food Specialties, Inc.",1
Contoocook Creamery,1
Meijer,1
"Dominguez Family Enterprises, Inc",1
Agropur MSI Ingredients LLC,1
"Malgor & Co., Inc.",1
"The Wright Group dba Wright Enrichment, Inc.",1
Nuvi Global Corporation,1
Shearer's Foods Inc.,1
"United Natural Foods, Inc.",1
Barhyte Specialty Foods Inc.,1
"Ozark Bottling, LLC",1
Continental Mills (Corporate Office),1
HANDY SEAFOOD INCORPORATED,1
"The J.M. Smucker Company, Inc.",1
Majopa Industries Corporation,1
Texas Legend Foods,1
Cosmetic Labs LP,1
N A Trading Inc,1
"Nachman's Native Seafood, Inc.",1
Bak EZ,1
Nutritional Resources Inc,1
New Horizon Cuisine,1
Kontos Foods Inc.,1
Inn Foods Inc.,1
Aqua Star (USA) Corp.,1
Kellogg Canada Corporate Office,1
"Vauxner-USA, LLC",1
Birdseed Food Co LLC,1
Gobugi Holdings Inc,1
"Buckwheat Enterprises, Inc",1
Nita Foods Inc.,1
"Mariner Seafood, LLC",1
New Seasons Market,1
"International Harvest, Inc.",1
"Imported Foods Resource Group, Inc.",1
"Associated Milk Producers, Inc",1
Cafe Moto,1
"European Natural Foods & Trading Company, Inc.",1
"Roundys Supermarkets, Inc.",1
HAITAI CHEONGJU FACTORY,1
Shasta  Produce,1
Crescent Specialty Foods Inc,1
ADM Agri Industries,1
Thatchers Gourmet Specialties Inc.,1
Phildesco Inc.,1
Willy's Inc,1
This Bar Saves Lives,1
Oro Candy Distributors,1
"IQ PRODUCE, LLC",1
"Performance Food Group, Inc.",1
JACKIE'S COOKIE CONNECTION LLC,1
The Hemisphere Group,1
"Raja Foods, L.L.C.",1
Juice Bar Solutions,1
"Five Star Gourmet Foods, Inc.",1
"Ernimich, Inc. (dba Nina International, Inc.)",1
Westby Coop Creamery,1
Natural Foodworks Group,1
"LiDestri Foods, Inc.",1
Coalescence LLC,1
Request Foods Inc.,1
Mohamed A. Kamel,1
"Calbee North America, LLC",1
Epicure Food Corp.,1
M & K Trading Inc,1
La Guadalupana Wholesale Co Inc,1
"Pal-Do Company, Inc d.b.a. Pal-Do  World",1
"Schwan's Global Supply Chain, Inc., Specialy Foods Plant",1
The Perfect Bite Co.,1
American Waffle,1
Quaker Oats Co,1
"Fuji Natural Foods, Inc.",1
Old World Spices & Seasonings Inc,1
King of Pops,1
First Source Llc Buffalo,1
Power Selles Imports dba Culinary Collective,1
Schwan's Corporate One Building HS/FS,1
Arizona Beverages USA LLC,1
The Seafood Exchange Of Fla,1
King Seafoods Inc.,1
Schiff Foods Products,1
"Atico International USA, Inc.",1
Rajbhog Distributors GA Inc,1
Country Life,1
Pro Sports Club,1
"Pondini, inc.",1
Paris Foods Corporation,1
Fairview Mills Inc,1
Alymaq Inc,1
"GONZALEZ WHOLESALE DISTRIBUTOR,L",1
"Apple King, LLC",1
"Blommer Chocolate Company of California, LLC",1
"Pin Hsiao & Associates, LLC dba Zen Bakery",1
Persimmon Hill Farm Gourmet Foods,1
Plow And Hearth,1
"Turkey Hill Dairy, LP",1
"Miami Interculinary Center, Inc.",1
CHETAK SAN FRANCISCO LLC.,1
"La Canasta Mexican Food Products, Inc.",1
Lords Organics Llc,1
Giannios Candy Co Inc,1
Wismettac Asian Foods (USA) dba Nishimoto Trading Co Ltd,1
English Bay Batter L.P.,1
RCI Produce,1
"Silver Lake Cookie Co., Inc.",1
Homestead Creamery,1
Bateman Community Living,1
Trident Seafoods Corporation,1
"Kettle Cuisine, Inc.",1
"Lenni's Crab Mix, Inc",1
"Virginia Diner, Inc.",1
Golden Plains Frozen Foods,1
Divvies LLC,1
Vosges Haut-Chocolat,1
"Enzyme Formulations, Inc.",1
"FoodState, Inc",1
Arcobasso Foods,1
"Parker Products, Inc.",1
Combs Produce,1
Schnucks Markets Inc,1
SW  Wisconsin Dairy Goat Products Coop,1
"Vitony Bakery, Inc.",1
Nutrisystem Inc,1
"The Broaster Company, LLC",1
"Get Drizzled Custom Wine Drizzle, LLC",1
SUNOPTA GRAINS AND FOODS,1
"Kariba Farms, Inc.",1
Hard Eight Nutrition LLC,1
"Atherstone Foods, Inc. dba Glass Onion Catering",1
"Bake One, Inc.",1
Concertos In Chocolate LLC,1
Mandalay Trading Corporation,1
Veggie Noodle Co,1
Man Fon Inc,1
Farm To Market Bread Co Inc,1
RL Schreiber Inc,1
Sole Grano Llc,1
"Gourmet Cuisine, Inc.",1
"Zatarain's Partnership, L.P.",1
"LV Foods, Incorporated dba Lee Egg Rolls",1
Northwest Mothers Milk Bank,1
"Baugher Ranch Organics, Inc",1
J P Veggies Inc. DBA VeggieLand,1
Mother Earth International LLC,1
Del Mar Food Products Corp.,1
"Vermont Common Foods, LLC",1
"Wild Foods, Inc",1
"Kenny's Great Pies, Inc.",1
Schwebel Baking Company,1
Four Link Nutriworld,1
"Us Tov, Inc. Dba U.s. Trading Company",1
"Tropic Fish Hawaii, LLC",1
Gourmet Express LLC,1
Whole Herb Company,1
Del Monte Fresh Produce N A Inc,1
Batch International Llc,1
"R & J Almonds, Inc. dba Jonny Almond Nut Co.",1
Gilbert Foods Inc.,1
TJs Place,1
Bridgewell Resources LLC,1
"Western United Fish Company, Inc.",1
"Pronutri, LLC",1
Productos 2001 Inc.,1
Barberi International Inc.,1
WILDCAT CREEK POPCORN,1
P & E Foods Inc,1
Sabor Mexicano,1
Libby's Gourmet Desserts,1
Sincerely Nuts,1
"WTI, Inc  -World Technology Ingredients",1
La Orocovena Biscuit,1
Coast Citrus Dist,1
SSI-GoPicnic LLC,1
Nutraceutical International Corporation,1
Heeren Bros Inc,1
Milk Specialties Co,1
"La Terra Fina USA, Inc.",1
Centro Naturista,1
"Landies Candies, Inc.",1
"Niagara Bottling, LLC",1
"BUFFALO SAV, INC.",1
"KOREAN FARM, INC.",1
"Sanwa International Wholesale Foods, LLC",1
Kashmir Crown Baking LLC,1
"Saxon Cheese, LLC",1
"Pacific Foods of Oregon, Inc.",1
Ocean Beauty Seafoods LLC,1
"Elwood International, Inc.",1
Sani Fresh Distribution,1
DFI Organics,1
Redwood Hill Farm,1
"Udi's Healthy Foods,Granola & Gluten Free",1
BEYOND MEAT,1
Jody's Gourmet Popcorn,1
"PBM Nutritionals, LLC",1
Nor Cal Food Solutions LLC,1
"Aloha Medicinals, Inc.",1
Driscoll Watsonville,1
Allegro Fine Foods Inc,1
"Heartland Products, Inc.",1
Sam MillsUSA LLC,1
"Zupan Enterprises, Inc.",1
Prolacta Bioscience,1
Pepsi Beverage Co,1
Russet House,1
"Latin Specialties, Inc",1
"Chun Yuen Trading Co., Inc.",1
"Soyko International, Inc",1
Jel Sert Co.,1
Uptown Bakeries,1
"Veronica's Treats, Inc.",1
Wicker's Food Products Inc,1
Mccormick,1
"Good Neighbors Specialty Foods, LLC",1
"Le Fe Foods, Inc.",1
"Claudio Wholesale, Inc. (DBA) Claudio Specialty Foods",1
Krystyna Bakery,1
"DPI Specialty Foods West, Inc.",1
Orca Bay Foods LLC,1
"Dsm Nutritional Products, Llc",1
Greater Pittsburgh Community Food Bank,1
Naturefood 2010 Company,1
True North Salmon,1
Coquette's Bistro and Bakery,1
GRANDE PRODUCE LTD CO,1
"Diamond Foods, Inc.",1
"Cargill Cocoa and Chocolate, Inc.",1
Nutri-Health Supplements Llc.,1
"Atlas Operations, Inc.",1
A.M.S. Exotic Llc,1
Agro Sevilla USA,1
"Professional Complementary Health Formulas, LLC",1
Van Vogt Creations,1
Jans Enterprises Corp. dba WIRA Corp.,1
The Two Little Guys Company,1
Coca-Cola Consolidated,1
CVS Health,1
"Coca-Cola Refreshments, USA Inc.",1
American Nut Company,1
"Texas Pack, Inc.",1
Seafood Avenue,1
"Green Cuisine, Inc.",1
"L. K. Bowman, Incorporated",1
"Harrisburg Dairies, Inc",1
"Pioneer Frozen Foods, Inc",1
"Vaqueria Tres Monjitas, Inc.",1
Nestle Professional,1
ROSE ACRE FARM,1
Taco Loco Products Inc,1
"Healthy Choice/Island Blends, Inc. (dba Juice Connection)",1
Sustainable Community Development LLC dba SCD Probiotics,1
Garre Farms,1
Grace Kennedy Foods USA LLC,1
Azuma Foods International Inc USA,1
"La Nica Products,  Inc.",1
Perrigo Company PLC,1
Smart Juice LLC,1
Les 3 Comtois,1
"World Wide Gourmet Foods, Inc. dba Alaska Smokehouse",1
Whalen's Horseradish Products,1
Chamberlain Farms Inc.,1
"Purus Labs, Inc.",1
Fruit Treasure Inc,1
"Mid Pac Foods, Inc.",1
"Faribault Foods, Inc.",1
Z Natural Foods,1
"GMJ Natural Products, Inc.",1
Paradise Farm Organics Inc,1
Kenton Burr,1
Kerry Inc,1
Regional Access Inc,1
"Diversified Foods & Seasonings, Inc.",1
Jarrow Formulas Inc,1
"Dominguez Foods of Washington, Inc.",1
Bengard Ranch,1
TIPIAK Inc,1
Soap Korner,1
"NSE Products, Inc.",1
Golden Beach Inc,1
Genetic Edge Compounds LLC,1
"Constantine Poulos and Company dba International Foods, Inc.",1
Live Superfoods,1
"Northwest Gourmet Food Products, Inc.",1
Mom's Delicious Kitchen LLC,1
HK GALLERIA WHOLESALE L.P,1
"Hanbit Enterprises, Inc. dba Jack and the Beanstalk",1
Red Mill Farms,1
"ABCO Laboratories, Inc.",1
"Honolulu Baking Company, Ltd.",1
Clemmy's LLC,1
Great Lakes Cheese Co Inc,1
"Potters Fine Foods, LLC",1
Giusto's Specialty Foods LLC,1
"Ciao Bovina, LLC",1
Mericon Industries Inc.,1
"Farmo Foods, Inc.",1
TEN BC,1
Crystal Geyser Water Company,1
Pan -O- Gold Baking Co,1
Maui Soda & Ice Works Ltd/dba Roselani Ice Cream,1
"Arise & Shine Herbal Products, Inc.",1
Good Source Incorporated,1
Fiesta Pacific Products Inc.,1
President East Company,1
RB Manufacturing LLC,1
SUNCO & FRENCHIE LLC.,1
"Thomas Hammer Coffee Roasters, Inc.",1
Princess House Inc.,1
Corn Maiden Foods,1
"Fresh Venture Foods, LLC",1
Brand Castle LLC,1
"Penta Intenational, Inc.",1
Heartlight Seafood LLC,1
Pepsi Cola Bottling Company,1
"House of Spices India, Inc.",1
Cedars Bakery,1
"J and J Bunting, Inc",1
"Cucina Fresca, Inc.",1
Smartypants Vitamins,1
"Myers Cider Mill, LLC",1
"Kraft Foods, Inc.",1
French Broad Luscious Chocolates,1
Wyandot Inc,1
"Julian's Recipe, LLC",1
Giorgio Foods Inc,1
Super Store Industries,1
Prova Inc,1
L.A. Lucky Import & Export,1
"Precise Food Ingredients, Inc.",1
"Houston Nutraceuticals, Inc",1
Ehrmann Arizona Dairy Llc,1
Sprout's Farmers Market,1
"Guixens Food Group, Inc.",1
"BAKE N JOY FOODS, INC.",1
Chang Jiang Seafood Ca Inc,1
"Grocery Delivery E-Services USA, Inc.",1
Walgreen Company,1
Ardent Mills Llc Usa,1
Loki Fish Company,1
Mead Johnson Nutrition,1
Northern Valley Baking Co.,1
Nature's Only Choice,1
"Alimentos Congelados, S.A. (Pinula)",1
"Japanese Specialty Food Distributors Ltd, Co.",1
"Hans Kissle Company, LLC",1
Odyssey Enterprises Inc,1
MASIERO BROS.INC,1
"E & M Corporation, Dba Noh Foods International Of Hawaii",1
Califia Farms LLC,1
Bravo Produce Inc,1
"Maple Hill Creamery, LLC",1
"Stavis Seafoods, Inc.",1
"Ryszard Food Distributor, Inc.",1
Kingsway Trading Inc,1
"The Ice Cream Club, Inc.",1
Theo Chocolate Inc,1
The Popcorn Shoppe,1
"Amodio's, Inc.",1
"Dollar General Corporation, Inc.",1
J&J Snack Foods Handheld Corp,1
"Vidalia Valley, Inc.",1
J & J Snack Foods Corporation,1
Piggie Park Enterprises Inc,1
Oakhouse Bakery,1
GSF Nut Company LLC,1
"Lucky Country, Inc.",1
The Nut Factory Inc.,1
Berkshire Cheese LLC,1
"Ciranda, Inc.",1
Big L Brands Inc DBA molly&drew The Beer Bread Company,1
Classik Foods Inc.,1
"Ateeco, Inc.",1
Simply Delicious Inc.,1
Maglio & Co Ready Fresh,1
Eatem Foods Company Vineland,1
"Eco Health, Inc.",1
House Of Spices (india) Inc.,1
Capitol City Specialties Company,1
Liquid Coffee Inc,1
MR Cuta dba Riley's,1
Magno Humphries Inc,1
Ruiz Food Products Inc,1
Sinco,1
"Saputo Dairy Foods USA, LLC",1
H & C Food Inc,1
P East Trading Corporation,1
Lidl US TRADING,1
Sinco Inc.,1
YWAM Faith Harvest Helpers,1
Sauer Company  The C F,1
CHOBANI,1
SunOpta Ingredients Group (Corporate HQ),1
Bake Rite Rolls Divison of Northeast Foods,1
Italian Gluten Free Foods CL,1
Golden Flake Snack Foods Inc,1
The New French Bakery,1
Jacobsen Salt Co.,1
"Tai Foong U.S.A., Inc",1
"New Japan International, Inc.",1
Galliker Dairy Co.,1
"Sunrise Growers, Inc",1
Litehouse Inc,1
"Abdallah Candies, Inc",1
GOURMET SPECIALTIES INC.,1
"Family Food Distributor, Inc.",1
Zenobia Co.,1
Bornstein Seafoods Inc,1
Kozy Shack Inc,1
Roxy Trading Inc,1
"Drake's Fresh Pasta Company, Inc.",1
International Trading & Import I,1
"Izzy's Ice Cream, LLC",1
RIPPLE FOODS PBC,1
Ito En (USA) Inc.,1
"Taylor Farms New Jersey, Inc.",1
Camericam International Inc,1
DANONE WATERS OF AMERICA INC,1
Gordon Food Service,1
Abbott Laboratories,1
Cal Maine Foods,1
UB Inc DBA United Bakery & Co,1
"East Bay Seafood Co., Inc.",1
Cocola INC,1
Bantam Bagels,1
Taiwan Seafood & Fish Corporation,1
Dutch Cheesemaking,1
"POPSALOT, LLC",1
"Multiple Organics, Inc.",1
Clover Hill Dairy,1
Dedinas Franzak Enterprises dba Cheeze Kurls Inc.c.,1
Good Fields Farm/The Maiden's Creamery,1
American Blue Ribbon Holdings DBA Legendary Baking,1
Wholefoods Market,1
"Honey Bunchie, LLC",1
Washington Vegetable Co,1
Halperns' Steak & Seafood Company LLC,1
Mrm,1
"Still Riding Foods, LLC",1
ALEBRIJE IMPORTS INC,1
"McCain Foods Canada, Inc.",1
Feast Mode Blending & Filling,1
Buurma Farms Inc,1
"Super Organic Foods, Inc",1
Natural Formulas,1
"Henning Cheese, Inc.",1
"Phoenix Food, LLC",1
"Linden Cookies, Inc",1
Crown Food Distribution Inc,1
Margalaxy LLC,1
Best Value Inc,1
"Paskesz Candy Co.,Inc.",1
Rite Aid HDQTRS. Corp.,1
"MedOp Health, Inc.",1
Holsum Baking Company Warehouse,1
Snyder's - Lance Inc.,1
P. East Trading Corp.,1
Mary's Homemade,1
Golden Star Wholesale Inc,1
Arcadia Trading,1
National Foodworks Services,1
WHOLE ALTERNATIVES LLC,1
"Diversified Foods and Seasonings, Inc",1
"Stahlbush Island Farms, Inc.",1
M & M Farm Inc.,1
Ellgof Inc.,1
Nuera Trading Company Incorporated,1
"Ming Hong International,Inc.",1
"J&I TRADING GROUP, INC.",1
A&C US Trading LLC,1
PureFit Inc,1
Poppies International INC,1
Creation's Garden Natural Products Inc,1
Del Monaco Specialty Foods Inc.,1
"Purely Pomegranate, Inc",1
Beachbody Llc,1
Marketing Concepts Group,1
"Miravalle Foods, Inc",1
Grandma's Herbs,1
"Prima Spice, Inc.",1
"Avalanche Distributing, LLC",1
STEWARTS SHOPS CORP,1
Myanmar Wholesale Trading,1
Super Mom's,1
Brookshire Grocery Company Manufacturing,1
Health Wise,1
Tomanetti Food Products Inc,1
"B.T. McElrath Chocolatier, Inc",1
S&S Food Import Corp.,1
Fairway Group Holdings Corp,1
"Coca Cola Bottling Company United, LLC",1
Small Fry Inc.,1
Flying Food Group - LAW,1
S Bertram Inc.,1
Samuel Adams Brewery Co,1
National Vitamin Co Inc,1
Pin Hsiao & Associates,1
"NBTY, Inc.",1
7-Eleven Stores of Oklahoma,1
"Bio-Botanica, Inc.",1
Stone Mountain Pecan Co,1
"Irene's Bakery & Gourmet Kitchen, Inc.",1
"Domino Foods, Inc.",1
Dairy Fresh LLC,1
"Wolfgang B. Gourmet Foods, Inc.",1
"Young Ocean, Inc",1
"New Chapter, Inc.",1
The Best Bar Ever Inc.,1
Pacific Sun Distributing,1
Deli-Food Chili & Spice LLC,1
Tastee Apple Inc,1
La Centro Americana Corporation,1
Townsend Farms Inc,1
Fresh And Easy,1
Tasty Bake Inc,1
Something Special Deli-Foods Ltd.,1
Project 7,1
"Nha Trang Seafoods, Inc",1
"AJC International, Inc.",1
Splendid Products,1
Arcadia Trading Inc.,1
KUIYI INTERNATIONAL INC.,1
Polar Corp.,1
"O'Steen Meat Specialties, Inc.",1
"Wellements, LLC",1
Mother India foods LLC,1
"Fuji Food Products, Inc.",1
H.I.G. Corporation,1
Professional Botanicals,1
Frontier Natural Products CO-OP,1
La Espanola Meats Inc,1
Bay Valley Foods,1
Nisbet Oyster Co Inc,1
Hain Celestial Group,1
"CSFPDX, LLC",1
Rajbhog Foods (NJ) Inc.,1
The Boston Smoked Fish Company LLC,1
Interpac Technologies,1
"Zydot Unlimited, Inc",1
Tijuana'S Produce Co.,1
La Terra Fina Inc.,1
"National Food & Beverage, Inc",1
Valley Processing Inc.,1
"LYFE Kitchen Retail, Inc.",1
Taylor Farms Illinois Inc,1
International Desserts and Delicacies,1
"Magno Humphries Laboratories, Inc",1
"Ladyfingers Catering, LLC",1
"DeMoulas Supermarket, Inc.",1
Aksar LLC,1
Markpol Distributors Inc.,1
Thomas Star Bakery of Ohio,1
"Eaton Farm Confectionaries, Inc.",1
"SLR FOOD Distribution, Inc.",1
"Cinnabar Specialty Foods, Inc.",1
Cafe Spice GCT DBA Zaika Flavors of India Inc.,1
"Pacific Giant, Inc",1
California Sun Dry Foods,1
Double-Cola Co.-USA dba The Double Cola Company,1
Jaffe Brothers,1
Natural Earth Products,1
"D.A. Stein Culinary Group, LLC dba Brett Anthony Foods",1
Delicious Food Distributors Inc,1
J. R. Simplot Co. Corporate HQ,1
"Adam Bros. Farming, Inc.",1
Gerber Products Company dba Nestle Infant Nutrition,1
Tree Top Inc - Selah Plant,1
Newman's Own Organics,1
"Dawn Food Products, Inc.",1
Primex Intl Trading Corp,1
"The Lime Green Grocer, Inc.",1
Simply Natural Foods LLC,1
Sysco Corporation,1
"Karl Bissinger, LLC",1
Dr Jackson,1
"Jerusalem Manufacturing Natural Foods & Wholesalers, Inc.",1
Natures One Inc,1
Chicken Soup For The Soul Food,1
"Agridient, Inc.",1
Reser's Fine Foods Inc.,1
Nuwati Herbals Inc,1
LSG Sky Chefs,1
Dutch Treat Salads Inc.,1
"Starlight Creatives, Inc.",1
Campofresco Corp.,1
Grato Inc.,1
Daisy's Bakery Inc.,1
Fit and Focused Supplements,1
Northern Tier Bakery,1
Dove Chocolate Discoveries Llc,1
"Seroyal International, a division of Atrium Innovations",1
Constantine's International Foods,1
D.S. Waugh,1
Beverage International,1
La Preferida Inc,1
Karl Bissinger Inc,1
Pepsico Foods International,1
Krusinskis Finest Meat Products,1
Sister Schubert's Rolls Division of T.Marzetti Company,1
La Granja Inc,1
4 Him Food Group LLC,1
"Saranac Brand Foods, Inc.",1
"Tampa Maid Foods, Inc.",1
"Phoenix Produce & Noodle Company, LLC.",1
Tomales BayFoods,1
GLOBAL COMMODITIES INC,1
DNE Nutraceuticals Inc.,1
M.a.s Food Services Co,1
Consumer Product Distributors Inc. dba J Polep Distributif,1
KRISHNA FOOD CORP,1
Ralcorp Frozen Bakery Products,1
"Major Products Company, Inc.",1
Bell Plantation Inc.,1
"Copperleaf Kitchen, LLC Comfort Foods Division",1
"Equal Exchange Cooperative dba Equal Exchange, Inc.",1
Wismettac Asian Food,1
"Oceans Cuisine, LTD.",1
Tanimura & Antle,1
Boyd Coffee Co,1
"Ariola Foods, Inc.",1
Yoli Inc.,1
FABI - SAA Inc.,1
Our Local Bounty,1
"Annona Company, LLC",1
Ricker Hill Farms,1
"Inner Health Group, Inc dba Michael's Naturopathic Programs",1
"B & F, Inc., dba Hanmi, Inc",1
NONNA FOODS,1
"Miravalle Foods, Inc.",1
"Jugos Naturales del Pepino, Inc.",1
NP Nutra,1
Bakkavor Foods USA Inc.,1
Hearthside Food Solutions LLC,1
Overhill Farms Inc,1
Green Smoothie Girl,1
R. J. Van Drunen and Sons Inc.,1
Laboratories Cop Inc,1
"Natar Foods, Inc.",1
Tunnel Farms,1
AMS LLC dba Gagne Foods,1
R&D Technical Center,1
